,RiskScore
0,32.489235815629605
1,57.26279720766202
2,30.180113307676557
3,33.74239193044405
4,34.93056651548227
5,73.14846773986834
6,30.604930641474333
7,29.963308243649344
8,31.701468203510956
9,61.90009682179553
10,51.73319823047998
11,28.648201239111366
12,49.91765088362867
13,36.95975995687505
14,52.121180214797704
15,62.78970191546547
16,26.76941183546834
17,29.62126381558177
18,67.67373759052012
19,57.55999394961273
20,76.16408995290882
21,30.694978990511927
22,64.91088626000773
23,36.028371164352784
24,54.95743527152723
25,29.627654330296835
26,33.30017039224803
27,29.600634269355133
28,55.230873923552465
29,75.72775737789198
30,31.821005267100247
31,63.79019418722163
32,32.2991860205541
33,29.90001368165025
34,38.987866235771065
35,36.64657547055274
36,67.78178343785326
37,56.345238494539174
38,46.42490639675466
39,70.96426639606963
40,64.4138542606311
41,57.84590987981855
42,75.31065923016845
43,27.859397979682342
44,47.00765563041728
45,29.005424465391656
46,34.15135608966799
47,70.70803516815647
48,30.396701166586865
49,34.291102978832846
50,61.02941140608439
51,58.85238615253243
52,52.15752334211309
53,36.38114520823723
54,30.991317059030855
55,33.75021025572803
56,73.92918764328934
57,38.101045965069034
58,42.46789845825218
59,57.943132845462095
60,73.32211510967969
61,50.835309875021025
62,27.990501875681332
63,79.75293508237067
64,28.82528222474067
65,31.995722358911564
66,57.155165677878784
67,63.59509242436336
68,36.965892092025214
69,64.18805227049035
70,38.064564492634716
71,41.218796704314734
72,49.26360834452858
73,64.2456748524848
74,56.131126338642744
75,61.3522563360014
76,66.3609755746026
77,26.82997426501816
78,49.86807330271793
79,61.744564179412905
80,67.72090255577267
81,62.4187689617179
82,57.46866527685877
83,36.248177612119925
84,68.99242796234611
85,70.4797188472125
86,58.85271429002301
87,26.50030647165795
88,55.42106190679897
89,75.86386238778972
90,33.58835264813129
91,59.49096156384685
92,34.19318390646272
93,29.531902226311082
94,38.69032978355829
95,36.838827138504946
96,35.103259222427795
97,64.52707920041708
98,32.96823895544859
99,64.37239728902094
100,33.74278523594015
101,32.978678422547965
102,70.90763160101852
103,74.76032769810408
104,29.178461101320657
105,85.73318944061492
106,69.39383926794905
107,70.21585907093643
108,35.797975710291325
109,74.99969303742452
110,48.888353158685234
111,64.28129707121494
112,79.23020080190149
113,68.59024082838498
114,64.07933934757264
115,34.06625169773718
116,72.58349234073057
117,56.52753029510958
118,38.416539801027966
119,45.87181958197268
120,31.066792114183542
121,73.45278294291457
122,30.345911951468572
123,58.03097931518677
124,33.010745186717024
125,66.99425150032121
126,21.313678190056493
127,27.631928162284737
128,34.28189729913472
129,76.45662402259822
130,28.846736290420374
131,65.59323319877201
132,72.27706201553158
133,79.53549379682808
134,28.445125222776632
135,35.502679187080226
136,24.90373257016175
137,34.357369844366694
138,35.65859715214608
139,40.943699452186365
140,48.930784444938126
141,51.24088073005098
142,26.260575921668377
143,26.09021632991893
144,68.03794707741459
145,30.700987908271777
146,54.598585772858556
147,72.30776667960347
148,69.39575879192431
149,70.27298057393531
150,38.4706726956882
151,31.59136174250093
152,72.59747249113731
153,45.57459893391799
154,60.45548849807628
155,37.15037022439457
156,66.62241225657851
157,68.55366079328557
158,62.2527820829186
159,67.20635459434831
160,49.85299039818214
161,32.96322851857755
162,66.30909376704614
163,35.85962523895135
164,45.63611543257836
165,54.44574717687869
166,30.64798610023201
167,46.09135386362103
168,33.614390612608815
169,27.188642755674692
170,36.20556871148381
171,37.85531401269902
172,64.09576710372143
173,43.07430798947575
174,34.41325668096678
175,41.13138284547829
176,65.29982946360133
177,41.04747863050813
178,33.00680461289785
179,70.21047350440955
180,40.567935215221155
181,34.197029215560725
182,68.51279772691076
183,45.94484402969939
184,76.07142808515515
185,70.01179205950592
186,70.65958474214436
187,66.19423122080468
188,34.77220787569553
189,23.276028898775813
190,30.811777474363176
191,73.22798943578061
192,62.029315291285485
193,31.216821215952088
194,64.00659194624217
195,28.97324318308557
196,31.632988826693285
197,63.054568772062765
198,74.47677653919885
199,34.92252138171951
200,28.77315871003809
201,60.37279776840235
202,30.301282302601216
203,32.83211571152746
204,73.4423477025093
205,62.46998323862009
206,61.956871877035695
207,51.82372354569957
208,56.81273323052058
209,71.29501517165626
210,28.36199695486645
211,27.821881344917244
212,69.44505979926195
213,66.87299822286258
214,38.743043931109774
215,57.689939299078674
216,69.30814954018835
217,75.01301035226206
218,54.80819868302922
219,31.058941274392495
220,32.624013181702615
221,33.43394304919679
222,31.16158158348661
223,58.73030537208787
224,29.28350934308017
225,67.12824879032104
226,55.803035895707666
227,30.96726786922244
228,35.4488254142265
229,37.71752790364346
230,43.08050828279936
231,53.64117640565044
232,54.13554149982837
233,60.21989461922474
234,69.08863134050642
235,40.85423160549309
236,29.76272827782863
237,53.676904223081536
238,63.72746272614316
239,28.9078668063585
240,63.79965384976868
241,67.82172299779589
242,49.011244491586375
243,67.46002472071494
244,65.71978741372885
245,69.23620413426902
246,25.255650957057703
247,41.413167207417466
248,78.20148497705796
249,25.051516856691187
250,62.73373065950837
251,31.586350050954756
252,50.43479446209026
253,40.28721303633793
254,53.49936755084427
255,34.78475066591537
256,56.118058334022045
257,65.98952318394274
258,64.14503425533647
259,35.1446525737946
260,51.08367471482797
261,48.5305422197616
262,27.588252822813317
263,77.44848849413329
264,60.34391203809025
265,24.883637523309865
266,43.25103514088263
267,22.225524289786065
268,65.94803565884186
269,79.18354264119787
270,69.32186825947967
271,71.86300673144714
272,31.588355984248224
273,48.48063202133608
274,28.28582996011923
275,39.811469649124454
276,65.99806446701592
277,32.65318941045475
278,62.331273068865286
279,26.588450569540285
280,62.0015376198745
281,60.428596602974395
282,63.180012550597255
283,57.626263061837264
284,35.689266055230746
285,31.687392133966114
286,29.919478436358965
287,72.84411536548465
288,52.39944612132311
289,32.909190950217734
290,61.717067815557115
291,38.168727110683896
292,55.836260901601
293,66.62715908893303
294,31.984742640201567
295,70.34322990821141
296,65.12338743713758
297,33.241825294991095
298,36.128743333239186
299,74.0980412204063
300,49.69250070964684
301,69.20179765439165
302,52.88184528853685
303,34.11945188761046
304,58.77330560168972
305,30.81247070636403
306,34.13787974341133
307,69.04623562137687
308,61.03481101333861
309,31.4381912196205
310,63.7509004452034
311,57.06141099970767
312,56.07854953971556
313,40.21623913646513
314,63.72994265505971
315,76.38112391462884
316,40.63952748993721
317,34.676118346508794
318,65.72600108996176
319,34.13248513070559
320,29.61949168140935
321,33.22357253722907
322,74.31493668036698
323,71.0365965224446
324,83.16259706708283
325,31.303167399859724
326,74.57719961228075
327,30.79114372907366
328,42.73429872739281
329,29.40370222521721
330,55.739492796096755
331,83.547228853259
332,23.252452302188672
333,65.87960961135894
334,59.64606985978258
335,59.928171692062094
336,60.495705888211916
337,32.2191030950889
338,33.41288985252411
339,51.7769337690625
340,73.02339112195523
341,74.22364533267296
342,69.77183181157135
343,63.72208298970706
344,31.80644756594628
345,31.80073934942002
346,46.52432056807232
347,38.57138993409679
348,38.0126032539554
349,26.573476546179535
350,42.59338386250688
351,31.272177005568786
352,66.19407848723145
353,28.56187040903871
354,33.555525215018925
355,32.705073086348634
356,27.788319806830607
357,30.732034525201023
358,27.3638713368599
359,69.87971378787778
360,26.187536403061152
361,24.596586611397534
362,32.77341348005256
363,63.598566077298734
364,53.313133983209596
365,55.45678485411328
366,52.62526037313437
367,34.58208726141505
368,72.0430840125002
369,44.72203590201663
370,37.83745292755735
371,31.384338833744806
372,31.877098047697046
373,68.51719106034878
374,57.8510651283905
375,36.73123251304854
376,29.357319734874743
377,61.37087891295371
378,43.869837700926084
379,74.75132009399732
380,34.807132317799976
381,29.66708545009768
382,59.80153743857849
383,69.43082377260338
384,54.972480896229925
385,64.38706611419174
386,28.71294074234173
387,26.769161029611865
388,63.17962146790485
389,32.20913842594184
390,65.42666298665009
391,66.9411661042682
392,61.20368635680745
393,40.249909953851656
394,66.70471863482024
395,66.27195873740132
396,32.71533696498604
397,29.72415411592916
398,72.77770316640384
399,31.349361811876385
400,58.19059888279706
401,63.61749078386346
402,27.734251501357825
403,65.09703035325867
404,64.75605754172258
405,58.595436263350365
406,29.877824077646103
407,63.39617307323203
408,54.315015349469554
409,33.01824249743988
410,33.91305622037996
411,41.605297367603896
412,32.882472786323326
413,32.094979121667656
414,57.88458539319876
415,43.38739045752729
416,48.25981721318186
417,36.46154526677443
418,31.752928371480294
419,55.637234718953124
420,26.626111504995016
421,38.98836563143521
422,31.223757736050608
423,63.477665736782086
424,26.27364007146992
425,55.146613235400125
426,31.58204889760232
427,33.29827165232505
428,57.718184168838576
429,32.180376462204066
430,59.13819413410741
431,30.52528030474498
432,64.59071260430858
433,70.07301498225223
434,68.50298509248805
435,58.34011359679759
436,27.125415410412984
437,64.93774455931943
438,40.215653202648184
439,49.11137508562058
440,70.77824246845611
441,29.944885646490448
442,74.54460938978353
443,60.36328214986783
444,69.41929562841406
445,68.82336785209853
446,64.6563869076383
447,38.02141133245141
448,64.30249545626424
449,79.22201962194102
450,68.55268104901927
451,72.48488425721627
452,29.435618481479025
453,61.255743202414095
454,64.13166092012884
455,33.40584468012265
456,41.4720937213657
457,60.104192316630815
458,35.42782748554137
459,58.28549546021972
460,34.04911699458405
461,36.17076443350863
462,29.770288501541927
463,52.165170452852365
464,28.988625208780007
465,38.18995783191486
466,31.05135699067653
467,70.02603562780831
468,40.54466933645973
469,75.78632155833961
470,62.05513194201785
471,70.07865466339763
472,37.51417610608161
473,33.88562953125212
474,29.94479390874462
475,65.63506945390569
476,30.59469515715613
477,70.34118719719245
478,28.75841836272444
479,60.551604881560436
480,57.00827046149007
481,39.279739853640784
482,75.02455429885372
483,36.082020231218934
484,33.67208306172662
485,43.31587235957982
486,70.79662323728486
487,33.658064341493706
488,70.20584127723215
489,27.89089110963917
490,68.26173514262541
491,36.19018181193973
492,69.95760743330615
493,30.75248322188166
494,64.06569033631109
495,35.25248447795019
496,83.1202265955911
497,65.09225606858699
498,53.05189629470599
499,29.76911221032701
500,46.04014078808676
501,38.852142459373034
502,68.494622883018
503,27.457006136890918
504,33.45033186819238
505,51.272642115083336
506,51.72377247174766
507,70.58030751442476
508,27.715772328950166
509,75.53830051066895
510,49.86845733821513
511,47.00378700100519
512,28.187416683759523
513,82.37809272341703
514,68.42937131929682
515,36.79926855330317
516,37.593745750039105
517,35.62993001346561
518,38.999108618959006
519,42.568861316155285
520,65.17612887831764
521,71.4257095217842
522,67.94433207691463
523,27.93053398011282
524,49.61054083380546
525,65.14824885743747
526,50.840311729411155
527,60.61718599107783
528,21.82757136763704
529,38.71322576862644
530,32.03492091108601
531,24.91328968420156
532,49.06550775447575
533,56.03095828789214
534,65.75947844231064
535,33.53324823061226
536,57.09548467442103
537,72.1157457026716
538,66.05616893691594
539,72.90991752238031
540,62.26952252212686
541,30.922589467864917
542,73.80062813574028
543,52.60335159348555
544,64.96256502199712
545,77.21097844119309
546,69.58484057732257
547,44.336055575593164
548,58.18514614173265
549,52.23720894616348
550,34.917574856745354
551,37.19104501723756
552,54.55825210685367
553,30.636571985232514
554,68.79204973997949
555,54.68808936791868
556,49.57764911690752
557,36.125486812414145
558,69.10150732898353
559,40.50252670534431
560,35.762180372973006
561,65.93926825579425
562,74.29486753545164
563,66.83664863807536
564,27.956316840337102
565,74.90418642770287
566,42.51601862169542
567,43.56130468216786
568,59.12747437844847
569,33.31456554957026
570,75.81601795169898
571,32.30686254325706
572,67.20195004331968
573,52.17036004200218
574,35.312695228612256
575,34.20011495328748
576,49.67771496942228
577,28.106746461742652
578,56.38218965696837
579,30.361007998391273
580,28.929136208290053
581,30.393064352811933
582,69.39179510262865
583,50.131880492292694
584,41.23110114532636
585,28.61229606919543
586,74.73886173980301
587,29.70534196055695
588,39.26506392512731
589,31.28154404759156
590,59.88650193827265
591,39.94592101120984
592,78.22469175498942
593,63.40988974618938
594,64.25087307244482
595,28.58461303828939
596,71.61899942000505
597,34.728697838170284
598,54.85244952591353
599,58.068874739932824
600,36.52638156070421
601,63.962636426051944
602,55.8768624559132
603,71.61133707501148
604,66.37798468615092
605,40.46312422053975
606,37.0648643070035
607,69.17064751767879
608,33.704220338769176
609,29.915595638294292
610,64.34488320481034
611,41.41830621454564
612,33.549815842715994
613,53.58101676605986
614,32.90447973938133
615,35.56668119396769
616,32.57364869217306
617,27.29767325199861
618,44.8673472949142
619,31.361718803017027
620,37.21759708173562
621,56.04731005029489
622,60.612150666870306
623,65.53253035479548
624,26.37514324491257
625,71.17112515021117
626,60.17494700811994
627,62.99891452708903
628,75.23306696953405
629,34.04821391267738
630,31.927181407556752
631,37.21162740900994
632,73.36446282588247
633,33.81404096996134
634,31.34462650870781
635,38.04865331569638
636,47.753939383029966
637,66.11778471767748
638,30.893324983661863
639,70.5679342405291
640,70.10806354083914
641,32.84794101932866
642,34.3073795603138
643,70.58467468718909
644,59.73421316214272
645,29.79224922529626
646,70.99522359414607
647,60.21081261987213
648,53.653192413126334
649,84.1381983691788
650,33.73017562499127
651,30.956505994191772
652,23.063439894162208
653,30.449436785615852
654,34.9845994751472
655,41.20038752577048
656,28.27833938452582
657,74.14705905652286
658,31.391011162077888
659,40.170007068106976
660,36.8585214354193
661,24.803031499669224
662,29.551279560748604
663,32.60742166384872
664,54.951151765288174
665,68.12432040859098
666,28.99476011029701
667,38.79319639571762
668,50.122615793539865
669,31.657488478938127
670,31.515774700139602
671,32.68937858351674
672,27.149075021676097
673,31.36648112058655
674,30.24046563256598
675,72.17628041576981
676,58.55307301867029
677,31.171445074710498
678,33.278024029832665
679,70.96970169992885
680,68.35248575529491
681,37.15109480289979
682,33.928428981185405
683,44.1357343501599
684,29.235412793647704
685,52.231398270627395
686,72.89043135718903
687,35.76358319904969
688,72.52423273216962
689,63.03272853058263
690,35.67265695389489
691,69.8935919759801
692,59.93076089781579
693,50.78018596635722
694,25.894777362166785
695,68.26732630856533
696,55.685856330766924
697,66.06962195988547
698,71.06942902120295
699,51.58176605890009
700,56.46788993038288
701,36.2056775065907
702,27.775918050433987
703,32.56833789756255
704,31.826621766151696
705,27.949423656519585
706,36.69550352275752
707,68.57982842600424
708,53.44669572210715
709,39.26859873355862
710,62.81042074387181
711,64.25365751682824
712,36.985317722061374
713,74.69585584131462
714,69.06388118493783
715,23.842088594189285
716,27.17923900912436
717,64.15675668946717
718,36.362749970319946
719,43.461087742725525
720,63.80969889693579
721,67.64399120781444
722,30.95530804542107
723,31.2514395696264
724,60.13490230204464
725,33.52024856302202
726,28.984140471349278
727,47.276274193998944
728,68.47353101855066
729,30.314977188994014
730,45.64595742353145
731,51.48048114608552
732,33.69007556549365
733,39.422967202745696
734,49.82250842502044
735,26.336546898398055
736,60.3892275254779
737,49.045555092334965
738,38.958950425466185
739,29.879961107283386
740,29.168074238227916
741,69.48157792665896
742,47.65808418920836
743,51.92920962902535
744,28.688774046939272
745,58.13058604833711
746,71.9311397846715
747,58.979459495115165
748,33.50707442549995
749,41.598525145665114
750,67.13105288564695
751,51.811352051164725
752,80.32707888778027
753,57.531430007117436
754,49.92138374591598
755,53.5669957904901
756,27.64325962711741
757,69.31107556257146
758,67.50775606457448
759,60.842139131732736
760,32.47904028814548
761,38.31049106724707
762,39.707109756293825
763,41.02110649712272
764,65.73548841344301
765,64.35558043543054
766,28.20604723342474
767,81.39944968007431
768,26.926800713124905
769,50.03626738367932
770,33.53212489110751
771,71.6090035928462
772,62.7110830877869
773,27.169766155702618
774,30.895110266479506
775,43.43801519609494
776,35.52553298705737
777,31.60905807890112
778,35.77241614363656
779,31.95899633968149
780,51.029772478204706
781,52.98464782406515
782,76.13847717950229
783,68.96074729777396
784,38.72160766668936
785,28.79882744380472
786,59.29433412387267
787,69.2788761890596
788,66.69898231690865
789,39.46630380362497
790,68.48728416366114
791,31.192215028663412
792,33.6546273277916
793,33.0004656498963
794,71.44176796031007
795,34.98345176860279
796,42.8202814046164
797,34.08911676522937
798,75.92284407291915
799,62.74379105127761
800,69.36526158929004
801,42.656312124912226
802,27.034720757230915
803,58.3506315261508
804,66.33738078540587
805,66.56244373847504
806,70.22962945346696
807,60.32919229234836
808,71.17309516043966
809,53.71060568541369
810,74.97111136965424
811,57.48839285557118
812,31.477896554602246
813,75.13135006264706
814,44.74152628034177
815,72.18092034041578
816,26.55583090750323
817,57.153268541101184
818,67.91794092007092
819,32.10505172098182
820,35.26650209026957
821,57.09168942548106
822,40.29445828551164
823,61.829264981436935
824,75.68018344770218
825,84.13978173705644
826,42.81655660506204
827,31.802890469720154
828,27.28852879011923
829,34.31236153597437
830,31.24301536562613
831,62.30058394233302
832,44.41833376733318
833,55.95121038493569
834,30.925540975008218
835,63.0146313578216
836,27.975799769928088
837,35.91413966286291
838,31.32464709992783
839,59.44791321382482
840,69.50723415631944
841,67.95759688430209
842,63.30259988250805
843,53.1438061550181
844,85.86637966693807
845,49.43430632141589
846,39.96508887597584
847,31.468591889644422
848,67.1012640348797
849,37.090411828096215
850,36.93604719156615
851,57.71626406962835
852,47.16769091526123
853,29.113049277268743
854,34.31994353318152
855,27.7991990972343
856,56.48667127888167
857,26.582640009984672
858,33.113868812591946
859,66.4541710438275
860,33.074997546092746
861,51.413842602752865
862,42.72717508897401
863,31.274054504361544
864,28.714780704083758
865,48.31744639592604
866,71.8082201022059
867,27.43272923542846
868,30.712602660525903
869,71.0155220506123
870,27.916915786412858
871,28.683845125413036
872,44.77554358749128
873,51.81902099440332
874,26.971908938086486
875,74.05490001026646
876,32.19411931769048
877,34.5398894652288
878,33.680446553391995
879,31.575014916951297
880,28.800050846281735
881,30.134561404157928
882,74.14270621766966
883,33.578446850952204
884,41.49193392005012
885,28.38924056082304
886,54.91113586998774
887,55.737014026084864
888,72.9167421673952
889,67.25890682693418
890,31.60628377796823
891,32.01186835810693
892,71.74850696463601
893,31.143781618500405
894,35.91419872707091
895,24.566911166754046
896,36.81856769868704
897,50.428862841566925
898,53.53277691823945
899,68.61242898166284
900,32.91850734139657
901,77.51915926340908
902,73.13160170228718
903,76.82353062633075
904,64.14784212515181
905,75.019724286189
906,43.50359704467616
907,73.78576169433188
908,61.68265501899246
909,57.328866020822915
910,41.63010665714507
911,72.21808792562378
912,77.92439704172163
913,61.78020956609878
914,30.628935754201628
915,51.51623021234921
916,59.1464524360691
917,51.0203036038027
918,27.787928140592115
919,35.86426503638974
920,25.716061179185523
921,33.79507056670934
922,49.19209142630268
923,39.63553799914533
924,66.54480193576518
925,83.94570040969231
926,62.45325815088034
927,37.06161379233007
928,51.36751397927266
929,30.671983916494057
930,36.59774247172301
931,32.97771285740027
932,28.863130344600783
933,45.41883828528721
934,34.76214581470581
935,56.6020822857585
936,68.92114395961251
937,25.71491385687841
938,60.380623631428385
939,56.59149080539851
940,60.81046068915539
941,36.67924659088267
942,37.125041157325164
943,68.3704386243191
944,32.22610630678524
945,70.96382632954958
946,37.10675199032171
947,61.71494683877359
948,39.423996127376824
949,34.734951313322235
950,29.657846744817462
951,49.95065134501686
952,51.647769419620914
953,60.14684277331537
954,36.6273526375639
955,84.06116080664984
956,69.4185713328833
957,52.70324593281613
958,40.061442084372445
959,32.641535149775386
960,36.08460657791344
961,39.57608043681752
962,27.71895425900805
963,71.77513208230198
964,52.46018533005176
965,38.53416103164771
966,32.988289501062674
967,65.69660051361278
968,31.01032847917113
969,26.701647292533977
970,63.49631050266339
971,31.749633717900835
972,29.466216823582073
973,53.88617054016799
974,38.28306518124482
975,31.228038549309197
976,70.08308484733321
977,67.24745226185493
978,62.48886248366816
979,33.0946060563929
980,57.63737312336454
981,28.5463178967087
982,65.81056014354549
983,32.15490087277037
984,52.591115126668505
985,50.551688273787136
986,30.512318600360622
987,69.38684744778693
988,27.908409099974435
989,69.76228786940348
990,30.682013718178034
991,57.27320629240941
992,35.03405772372624
993,29.620801057425766
994,67.57510684783739
995,24.119844574207015
996,49.31566366353028
997,29.35004731684829
998,75.12500985077065
999,31.81736221930592
1000,30.79791716130017
1001,68.96376593516355
1002,28.601919547391972
1003,58.08710839276512
1004,62.5246833703315
1005,26.760441881364393
1006,74.71112200043909
1007,34.92077296331133
1008,66.43331582250875
1009,29.149450703113743
1010,85.67371219493587
1011,32.822277464446834
1012,27.33504170704601
1013,78.04321435290109
1014,39.67944632812362
1015,72.30579039618462
1016,34.62315777404967
1017,42.829773832019505
1018,28.001965729516186
1019,66.76836669678323
1020,27.98301810552384
1021,38.74194993344081
1022,38.68400183735435
1023,62.01065532072128
1024,68.02858805852975
1025,29.387949390078113
1026,35.91466009713607
1027,33.27891228211724
1028,25.441431155119965
1029,31.040592765181366
1030,60.484903226838924
1031,29.176251713698065
1032,38.31887162028053
1033,33.585603107412986
1034,33.34031260361118
1035,70.66270188065872
1036,66.48303483516491
1037,65.58909746172688
1038,54.71155096452267
1039,66.23902951865742
1040,54.87689164519396
1041,27.3675991898329
1042,64.40053112744914
1043,70.37530192815215
1044,24.64093591924958
1045,63.95327972323716
1046,38.684495176174316
1047,35.26127635958014
1048,50.548030858558604
1049,28.72763032666132
1050,31.440408017542886
1051,64.0417329189236
1052,38.478421369014164
1053,55.72053051226396
1054,66.8034172313405
1055,38.55878519013711
1056,28.816708310612242
1057,29.77314290657793
1058,60.22735696045426
1059,29.795702286676054
1060,58.22863415183359
1061,60.48131709336972
1062,72.47352494560235
1063,56.89102786991741
1064,34.522021011127045
1065,63.93526304089067
1066,52.79102288185696
1067,41.0346183312697
1068,33.55664316627134
1069,37.12366180184128
1070,52.905894291019465
1071,26.74418187996136
1072,46.14208270436794
1073,32.67879435550995
1074,62.022716455678975
1075,34.23165648339594
1076,71.95167771938341
1077,38.75902835825122
1078,58.65101364044558
1079,52.01811394407497
1080,32.159074800951714
1081,30.384301557579953
1082,33.102654075890584
1083,68.52163305007167
1084,62.03824725670985
1085,29.767951308066458
1086,33.067633132463804
1087,62.72989803246554
1088,31.655353651158208
1089,41.9259951622595
1090,32.166068139524
1091,73.74878324218574
1092,60.629494678127855
1093,29.959929437615543
1094,34.64639338133006
1095,68.46876674658687
1096,36.516592446337675
1097,69.07381661801188
1098,64.67108134636804
1099,73.25867114262688
1100,26.831329821283866
1101,25.826239116849564
1102,59.26102444618001
1103,28.696237025862096
1104,59.12060683530166
1105,35.390140547808286
1106,64.15927708081662
1107,63.48964280056552
1108,24.163187144463087
1109,60.18312599425097
1110,45.39381960983707
1111,39.61833282188542
1112,54.664411788597604
1113,32.538163526614376
1114,61.036258257030184
1115,56.52600348780618
1116,51.62560615094702
1117,37.694044812841064
1118,67.76023421872404
1119,30.697570325720683
1120,37.12763910502878
1121,33.42603132400074
1122,30.62242842471504
1123,32.99883059111318
1124,63.54596437967484
1125,28.92118081864779
1126,64.83614585568064
1127,60.49808859002174
1128,38.72167421747813
1129,36.20819778501023
1130,68.84163822023797
1131,77.09000296554628
1132,33.10679282059936
1133,35.25674497124123
1134,59.2638084576308
1135,44.71451131485633
1136,42.699721638732
1137,44.62227851414463
1138,57.89600297822061
1139,35.80078615173089
1140,41.98097417881634
1141,57.508219923545404
1142,76.67316636268065
1143,29.114330915852513
1144,64.02714273980871
1145,74.57108005025134
1146,30.31903318278963
1147,51.46499436738968
1148,31.80480581414203
1149,73.93688212573144
1150,27.855873433383913
1151,36.18789636595312
1152,29.328699492718506
1153,60.75026773623987
1154,34.37505474137787
1155,30.66255219456584
1156,34.429879180741544
1157,69.63678296641315
1158,73.99051316084316
1159,66.17615555123746
1160,30.563379512164104
1161,61.25663653239373
1162,65.26409455352567
1163,32.167021588140585
1164,67.71491863400992
1165,69.67872776509031
1166,73.31031451148822
1167,64.46265422828935
1168,37.984305022195976
1169,55.586723034581595
1170,27.153926051652824
1171,67.05903755689668
1172,28.189470642389438
1173,60.03256432747419
1174,63.28286894613909
1175,56.68133970052907
1176,66.6628294561157
1177,65.43131563198575
1178,37.89703642947223
1179,29.39898023770653
1180,34.43014574823663
1181,70.44241936869564
1182,40.045566837882554
1183,31.145690835169205
1184,37.36402282743137
1185,36.777106659161
1186,64.82574838563943
1187,56.20245424584289
1188,28.892742007436674
1189,27.282028762421987
1190,27.728741884765647
1191,44.95885191409738
1192,41.86023719806801
1193,34.81180332888186
1194,50.216944437936974
1195,37.50994720628972
1196,30.179337443152903
1197,66.65339422353402
1198,32.88233201367083
1199,55.51732016898046
1200,62.81716333620439
1201,36.951031197590424
1202,74.71673445869007
1203,60.95062434256914
1204,61.633473183277715
1205,29.53780307431122
1206,32.51587360971687
1207,52.232825442002806
1208,41.09068712828721
1209,63.42615962749964
1210,64.25981492064523
1211,52.46628002668223
1212,75.15354778000658
1213,46.44827410006917
1214,71.6061742015039
1215,61.94820786036249
1216,24.682569222580256
1217,57.61958973760832
1218,33.12174991682846
1219,61.233643959239124
1220,50.609453384534845
1221,33.706289794249045
1222,34.0894291431392
1223,38.78448878075062
1224,33.81256236190862
1225,60.087021924630406
1226,75.33102957572613
1227,61.26455762096891
1228,51.81400562378764
1229,77.55530906734975
1230,47.698907235262915
1231,29.930221281617477
1232,51.09873104251153
1233,62.931393741027435
1234,72.85113513975655
1235,40.38801121445462
1236,72.97557363529444
1237,55.53241865659416
1238,47.9466761644643
1239,34.026218478267005
1240,32.48914273622695
1241,65.57998082942312
1242,32.25488335285278
1243,34.133336077738605
1244,48.064789079250986
1245,55.942497381352496
1246,73.9755316576301
1247,46.771799940812606
1248,77.46434519288837
1249,31.798592960514597
1250,44.952575190213636
1251,32.56854042566544
1252,28.13940978959915
1253,28.97094133835141
1254,76.97619045709136
1255,61.5487918621145
1256,53.537290401012825
1257,65.74885871412934
1258,69.40963402278457
1259,67.9869621833312
1260,69.08345317336567
1261,32.86183110909963
1262,30.97201145941348
1263,77.9063867337035
1264,30.417823771264096
1265,61.485843430498136
1266,32.7716252572611
1267,63.28495920246175
1268,26.965573438370562
1269,72.61762284274944
1270,52.25634777268013
1271,36.12471178174063
1272,37.628384102895346
1273,38.49687494761521
1274,71.49595241963368
1275,61.924149909002736
1276,64.77623484007577
1277,29.38600758032198
1278,56.75769697679689
1279,27.23862827270105
1280,74.56932506876056
1281,57.83023154586512
1282,60.158641718950264
1283,35.72897459226533
1284,66.83626872872145
1285,68.09192029086752
1286,49.54884659701966
1287,40.37789324729675
1288,49.358316166302295
1289,63.19197349127522
1290,30.64172693852484
1291,72.23775503032033
1292,53.31834345311786
1293,33.92170783505833
1294,47.64360744071017
1295,63.407799480135694
1296,30.986850271926826
1297,31.540169640025823
1298,38.13088501411974
1299,52.01494921773753
1300,55.31497324038608
1301,69.80364643550453
1302,64.8574926715902
1303,62.01602664587685
1304,65.91115082352003
1305,51.564046103533244
1306,64.22259383615518
1307,29.12103106369272
1308,53.25139167815627
1309,33.83778384608536
1310,54.159176385319725
1311,62.59642088014473
1312,68.07580370754698
1313,33.19099081723039
1314,29.417145507386124
1315,29.863550967934657
1316,27.993285044143228
1317,58.98155727258427
1318,30.230393099899935
1319,36.568705742217446
1320,42.14847349572464
1321,33.98572266980994
1322,74.014214479296
1323,74.14724154756493
1324,35.857652276558476
1325,61.325994556701545
1326,43.13967804322438
1327,28.037079354718443
1328,76.30672579943645
1329,38.28326069194485
1330,69.60190049320025
1331,55.14236509218045
1332,23.138753313757206
1333,46.09262170273549
1334,73.61073941863549
1335,72.10751137986063
1336,67.8878356265164
1337,28.891993252066605
1338,52.6851678803196
1339,58.58785436114593
1340,28.523994712430962
1341,33.76391757855702
1342,30.596860819911235
1343,26.893171606586527
1344,26.651829793786924
1345,32.53060589732426
1346,57.51916699672995
1347,28.72639909075589
1348,64.24080684096539
1349,66.32428296393843
1350,34.997866755002484
1351,59.65347017391363
1352,30.55263432725436
1353,72.12561645048692
1354,72.46492056030681
1355,48.36071922890215
1356,62.73505226447713
1357,31.52466116098654
1358,29.04648207345241
1359,37.82733284447542
1360,52.10989024653751
1361,65.95773686020152
1362,37.36165930715618
1363,33.27806720406361
1364,28.751860882550368
1365,34.457197619310854
1366,46.87591187793604
1367,35.15253594038143
1368,58.93209912974279
1369,50.112363918116905
1370,36.57066796494134
1371,30.22140899141617
1372,33.39019697491155
1373,75.74678553511839
1374,30.545637805854483
1375,27.94458466824232
1376,76.95368848374633
1377,33.08953410176118
1378,63.784594912860605
1379,27.807221853525462
1380,33.26106720702485
1381,33.56336979387292
1382,32.798200347255786
1383,30.68317450389518
1384,65.3718322492003
1385,73.64280952381317
1386,68.78361851990859
1387,38.683263604193996
1388,28.54386668490376
1389,37.015910606139336
1390,74.55891296467554
1391,35.434056203958704
1392,69.71335111870843
1393,56.91139041304913
1394,37.95947662725894
1395,61.311130661228184
1396,34.863926380535396
1397,29.82784163751107
1398,56.14613155670841
1399,46.269625439240464
1400,25.85030987251097
1401,49.42242356428097
1402,30.51979019400426
1403,26.84759719086862
1404,47.85156549229637
1405,74.73625668113299
1406,33.44923258149373
1407,34.762571890322356
1408,40.98961023085921
1409,55.91635603791865
1410,30.565422344801796
1411,34.77620548610506
1412,69.20127445106354
1413,45.54311506806642
1414,59.74334111944788
1415,75.50530367293494
1416,68.68276281353474
1417,30.33689011003323
1418,61.679530582409214
1419,73.60975972905855
1420,63.730951845917545
1421,72.89199753779096
1422,71.8632965161991
1423,41.17796446258349
1424,47.836534500943635
1425,31.700288979472283
1426,34.422348480649816
1427,62.851233314709916
1428,62.35079031364181
1429,36.63424766394202
1430,77.37807528130172
1431,29.2942795557668
1432,26.620980028504853
1433,68.04611949724006
1434,59.83754444900255
1435,58.55161218979421
1436,32.98582054178428
1437,27.88847473972347
1438,76.70981058107617
1439,71.7742117694674
1440,70.43368069080321
1441,31.133903693820194
1442,43.09260920759505
1443,26.359758705560196
1444,37.014509335016974
1445,32.80899393546961
1446,30.509071134462545
1447,77.80419296677933
1448,66.26825954376685
1449,48.470238347445665
1450,56.870181261944104
1451,36.89543918983292
1452,33.16774450195323
1453,73.02823795394096
1454,42.79726643706692
1455,66.06129658027983
1456,66.28216784944016
1457,76.12979309069935
1458,40.5165418517651
1459,64.91184569425374
1460,34.68127229544529
1461,61.484156956587405
1462,65.91585810069253
1463,29.826516764038686
1464,48.1118775563409
1465,56.590707194990024
1466,38.449841365285565
1467,32.326862041275795
1468,40.93007741669062
1469,34.330733945777126
1470,42.208813809522496
1471,36.97117010563178
1472,28.231536369928712
1473,68.44049644034136
1474,35.39704382444843
1475,50.78002603686562
1476,57.79298652025919
1477,42.50356770533586
1478,68.66436013190749
1479,48.823445790942095
1480,37.697248158602044
1481,44.15844386019725
1482,26.983561257717774
1483,47.78914527721676
1484,35.766850103278514
1485,51.12449590762758
1486,64.17806882317463
1487,29.860696117523986
1488,29.285097086908635
1489,31.36415247378286
1490,28.23905925352365
1491,38.81350129613209
1492,46.429928286326856
1493,72.31813091832977
1494,56.245567173092766
1495,59.14747270876936
1496,65.59643308089754
1497,27.170137430229005
1498,60.187020457188936
1499,60.978704814875755
1500,71.7864102225274
1501,53.75921024870989
1502,63.80720666136004
1503,38.67249878235913
1504,67.12972943962939
1505,28.881538563563808
1506,72.69562153077838
1507,33.02059084552274
1508,37.94074940736964
1509,38.89548206837898
1510,48.68874680058258
1511,70.56707060907425
1512,65.35817051181101
1513,32.63795112239033
1514,33.34264589772396
1515,66.36199936316078
1516,72.67763148550286
1517,33.480988496596524
1518,76.29714803326327
1519,33.84019845615146
1520,38.807757398749786
1521,49.21761721182992
1522,62.4279470860282
1523,35.01596234659078
1524,31.723817090131277
1525,29.105594313848705
1526,42.61725929878457
1527,28.31157679935866
1528,27.72578686481478
1529,27.607422994125137
1530,72.36983177224124
1531,63.481765527586234
1532,63.595114255070214
1533,39.18299043400954
1534,66.7134408315325
1535,49.293923832820205
1536,54.45495968724541
1537,38.31868656980344
1538,29.458638044463022
1539,51.86180479667482
1540,71.0725626783899
1541,49.94627956470189
1542,77.55380316819719
1543,70.75609045328319
1544,54.96028198227957
1545,48.23710342126581
1546,42.881151708915745
1547,71.69043496722249
1548,66.7166615483121
1549,38.24975113349749
1550,28.430339899384798
1551,25.598319416361193
1552,56.94377372030388
1553,61.659019763210026
1554,64.75975670899072
1555,32.12054738072827
1556,33.467054528588726
1557,30.34593511392422
1558,70.31919767779733
1559,61.019303338013486
1560,64.80827247001235
1561,42.789902724731206
1562,71.3903123546509
1563,37.900715201549076
1564,64.38581639304248
1565,27.445170873198876
1566,30.35757648776636
1567,64.68074822436728
1568,38.374198934134945
1569,30.96294760480847
1570,30.16827910306681
1571,33.68096409038335
1572,50.3234126390477
1573,34.94635391525863
1574,70.07202995993487
1575,69.23409065483666
1576,66.09732732592707
1577,30.408267378150647
1578,66.28559078126759
1579,52.898121482380695
1580,71.85296825232196
1581,33.09437418278807
1582,58.82581185142104
1583,55.37874707749389
1584,46.92368347148796
1585,77.21004201491104
1586,32.75750171532938
1587,30.738702853000248
1588,33.52445644040474
1589,40.29736896747574
1590,66.74961925160292
1591,40.640475176296995
1592,26.228121003619258
1593,71.53727882150815
1594,67.82422995731497
1595,50.153119315539776
1596,35.60904858106897
1597,58.77308043183828
1598,57.2640345672999
1599,28.92630666394593
1600,29.364571707928434
1601,73.65223833643712
1602,24.605857363996833
1603,60.69715010704053
1604,45.4616538194438
1605,34.57093919478152
1606,58.5007055405283
1607,71.00327907097346
1608,55.91438166169115
1609,38.34955229992958
1610,62.02817860831968
1611,36.091714781436735
1612,37.22791216531732
1613,28.72504304684692
1614,40.04364400063741
1615,74.81534342808186
1616,35.00285431279125
1617,61.28701283750262
1618,60.26628025301689
1619,34.519967813337864
1620,29.01683364504123
1621,54.74338575232663
1622,63.65479212049474
1623,62.07426674178831
1624,69.19846499862734
1625,73.86400242222821
1626,37.116025089362566
1627,46.845739016474035
1628,28.87650658560448
1629,25.31648901740529
1630,39.42490117624041
1631,65.79764205067238
1632,73.62350891279013
1633,34.91318498054683
1634,50.96307725899341
1635,37.93098430590075
1636,34.58027218011427
1637,48.371236488063005
1638,39.09889585566152
1639,33.1627101533116
1640,53.243828885053496
1641,42.00011212866025
1642,47.15317014169112
1643,60.12583772658783
1644,40.00545236059306
1645,60.62236327587469
1646,64.20622344502955
1647,76.94235395437902
1648,26.091330639158066
1649,66.5540484707919
1650,30.721510025705925
1651,37.55054701071944
1652,49.09550424068584
1653,71.90229525600249
1654,33.17726642744919
1655,61.68343385407077
1656,46.38021274802111
1657,64.83891500196822
1658,71.83395127307479
1659,57.91690469075961
1660,57.68436734175313
1661,32.45963554121561
1662,67.46881551946868
1663,31.755764276973913
1664,77.55044583163924
1665,31.193032171792538
1666,56.15705060879257
1667,53.755710642009575
1668,64.62388969085103
1669,33.490359188297305
1670,39.34063958486928
1671,53.57567693248666
1672,72.50956326629878
1673,37.35368426317508
1674,52.12489389354896
1675,73.14797968777506
1676,72.42264985409238
1677,62.88335622397028
1678,57.62314743273576
1679,31.211055133817183
1680,33.11330779211388
1681,68.87375401881005
1682,61.12176705896523
1683,68.36414853284043
1684,67.53969883699402
1685,33.497218351505445
1686,57.58406022395281
1687,29.66633089028945
1688,73.2560078576713
1689,58.6975245294218
1690,53.49894293007473
1691,68.74480982829807
1692,48.54389601071981
1693,42.203190159877266
1694,68.45179702685205
1695,34.24924730963878
1696,51.10543845356143
1697,31.193971614465774
1698,74.62753590019406
1699,62.419983437940274
1700,31.356723700750173
1701,61.827915989585506
1702,24.435515368095665
1703,32.26987900295528
1704,28.798143047885894
1705,36.44301099167758
1706,71.94110372441544
1707,68.4577357666422
1708,28.020692151489747
1709,69.61036578296839
1710,64.26994336845924
1711,72.90628148735766
1712,38.203207123487275
1713,30.571835417922806
1714,59.78301102584661
1715,38.94988402035414
1716,55.49718426646708
1717,33.45048247089301
1718,61.81230001395434
1719,32.3624652011105
1720,52.71813832564288
1721,27.95670614974788
1722,31.607034641057375
1723,37.88171688003651
1724,36.43362613253657
1725,78.75907835759995
1726,71.99145312539765
1727,37.84160216561567
1728,60.809312436538356
1729,74.28368490298972
1730,53.0914805353699
1731,29.41553281345618
1732,36.38093206276879
1733,69.17915512706064
1734,37.70042343934524
1735,39.87130920075627
1736,30.919357660742186
1737,59.001948597729886
1738,27.58283212726291
1739,53.50129716479769
1740,37.84151364051815
1741,39.491443439069506
1742,31.292885070397872
1743,31.5074728587457
1744,83.19515931132034
1745,63.72713038531207
1746,51.08831972988557
1747,67.42326325776776
1748,78.51236376102877
1749,28.214404902195042
1750,54.81848403024761
1751,35.189616007361494
1752,35.4261674539064
1753,62.66972103249587
1754,71.2025912576992
1755,69.11821016937341
1756,49.283508472865186
1757,27.063792021881603
1758,30.07850241027826
1759,75.18681984352418
1760,33.651296324199855
1761,30.59742875288245
1762,57.49679441904525
1763,63.14659457292885
1764,50.358195917724515
1765,31.735569864935414
1766,66.24715945985461
1767,31.35043668126106
1768,70.8257779403512
1769,67.63638136008824
1770,67.11927968329722
1771,35.08187069354809
1772,75.2538492919708
1773,34.26914917194117
1774,25.397688214313042
1775,34.18444796798969
1776,28.68700542127589
1777,29.9073552476083
1778,31.943197993223627
1779,52.47871307936351
1780,35.92643390435244
1781,34.48598787405485
1782,67.14292026881327
1783,29.02475019045943
1784,68.09617775483365
1785,59.683922037995295
1786,33.48240979829495
1787,56.194387095263195
1788,68.90867152272031
1789,32.450406271232374
1790,39.157096346683055
1791,51.8342226445599
1792,36.95788087053136
1793,33.11622247069457
1794,60.9105401288446
1795,60.307007600268896
1796,68.70692729774493
1797,32.62254879034607
1798,66.15051070129118
1799,30.067374617072268
1800,27.584807014196876
1801,47.61586644751521
1802,57.571836621555406
1803,36.49679007537652
1804,30.816152407320104
1805,64.64743057476619
1806,28.69260155803517
1807,29.159417701992773
1808,50.35512828128428
1809,78.33329672679709
1810,57.37241579312494
1811,26.85526945011855
1812,59.16629023881272
1813,58.62656433666692
1814,40.30169674746788
1815,25.945811619597926
1816,60.94858792148042
1817,40.844439906278716
1818,31.48050127743526
1819,31.84994127796594
1820,67.19633227633219
1821,63.42450561525767
1822,69.0462665404514
1823,39.42372880548916
1824,28.677488428194287
1825,32.0988622487795
1826,31.693616281235556
1827,27.162029978498985
1828,37.85894288901388
1829,63.448093183058816
1830,29.43464518996298
1831,33.21953837408945
1832,41.66101529375595
1833,36.828689210728534
1834,69.59527691523888
1835,34.45570312606959
1836,36.31967573988789
1837,74.3157373969383
1838,61.45565184915036
1839,53.5497872112564
1840,28.750479479247907
1841,29.310345177741098
1842,38.769623520573546
1843,35.38143120166272
1844,52.15615198960955
1845,61.63876577178837
1846,30.424821202011167
1847,62.143277577248654
1848,63.4600952781126
1849,60.0133076598542
1850,35.20541528984908
1851,72.32755263220149
1852,79.36242125408826
1853,32.72193311496091
1854,60.1283627587592
1855,36.15067877144074
1856,75.23700706532726
1857,33.96600755470592
1858,50.98006027647267
1859,61.265930509349054
1860,30.505315887725523
1861,67.68857046647763
1862,57.96829496967498
1863,45.75224587406983
1864,59.11043042418855
1865,63.90217646021057
1866,70.48977095937109
1867,64.77872271937092
1868,63.45619903524047
1869,30.55254076917619
1870,71.79774168596231
1871,28.966853920434247
1872,49.374048553353035
1873,75.60485821274986
1874,32.388157384890576
1875,33.54610509720247
1876,51.7917247665208
1877,36.69536083203238
1878,36.81297152626367
1879,55.631295489449585
1880,72.95712997824617
1881,49.810418787675175
1882,28.023333694729814
1883,31.684160386242297
1884,58.364952723352715
1885,58.339026140809054
1886,44.66596353416923
1887,28.999869922251754
1888,32.13344537171305
1889,35.79251956834724
1890,65.35059463537947
1891,66.49154956829537
1892,71.44846929417751
1893,30.9982451686541
1894,61.651751215239926
1895,29.442659879112
1896,70.60595196821299
1897,34.21470767053717
1898,28.8520498706388
1899,31.151732646421813
1900,35.05349440561409
1901,34.56765724886298
1902,45.05777172815432
1903,73.17635350644346
1904,28.362595575407923
1905,36.32309967849308
1906,35.20666508745015
1907,43.99668858434177
1908,42.412590238774165
1909,32.39180268753031
1910,64.38030934877966
1911,60.04365334394291
1912,54.58159816041615
1913,63.04695046922664
1914,29.74465269373185
1915,74.08580095924052
1916,64.64011074729368
1917,44.36931117219942
1918,34.99337531108951
1919,31.708280889769973
1920,61.646967864367284
1921,78.07968691731973
1922,64.16028685963634
1923,28.397646496384056
1924,55.628155643768906
1925,56.641382332062804
1926,68.7783889838891
1927,28.277268670878534
1928,55.03780914140336
1929,35.85249097523088
1930,39.7862681542531
1931,45.224084622106574
1932,36.7315339708444
1933,28.752910751795632
1934,28.282767075729843
1935,31.926860391087935
1936,73.97970325309807
1937,29.161851532166352
1938,58.02503202455502
1939,58.96538744429704
1940,77.99038132999561
1941,75.44242095259867
1942,33.62347569349121
1943,27.07537893635393
1944,33.13604977974367
1945,28.494395052908374
1946,31.248367723185126
1947,43.561424567147924
1948,56.17131784137656
1949,69.1865321084514
1950,30.755863265549777
1951,42.41027339227381
1952,22.558855492645293
1953,42.164269197554354
1954,69.83634460146581
1955,32.963758554735165
1956,49.908872264297734
1957,87.7123466851928
1958,27.030018696140395
1959,33.81427039980197
1960,32.64703981567166
1961,31.816441622423213
1962,64.83978029914485
1963,69.18158067659104
1964,26.122430784314872
1965,66.95355717317042
1966,28.8589839414251
1967,34.018668071290165
1968,33.147989996738204
1969,26.492532809525017
1970,35.18138928064539
1971,42.79123148454816
1972,63.579542575434004
1973,32.79948482447822
1974,56.53146791590153
1975,63.51213013956361
1976,31.78719817354883
1977,28.07776939452227
1978,56.87458046670638
1979,66.59428801118618
1980,58.105235381218975
1981,20.82888173995204
1982,64.09720159764586
1983,25.45403821265333
1984,36.62090235851007
1985,30.66738720184641
1986,51.733895054368475
1987,28.972117276261955
1988,33.15014189578909
1989,52.29983505025528
1990,52.629655392004864
1991,51.48878073479314
1992,35.143635890492895
1993,44.93932909487033
1994,54.58812635186399
1995,53.88257067708841
1996,76.28384699348155
1997,66.30103586056924
1998,29.14856207152713
1999,54.37480835280772
2000,60.81055988229441
2001,36.014926686696555
2002,63.858857417136655
2003,65.15050050701524
2004,36.191070460547884
2005,56.97223863278698
2006,77.24284768146804
2007,40.2693754056642
2008,34.959545548552526
2009,57.77235645941569
2010,29.521954855155514
2011,34.92757996313827
2012,36.648424649804745
2013,70.14341521175236
2014,51.46461354718751
2015,61.12865059566812
2016,72.65082073978841
2017,31.803098043921757
2018,67.72259204686893
2019,39.15877300333436
2020,32.23362819641822
2021,72.63721832614597
2022,66.12561333440047
2023,37.59415034608517
2024,68.50050966124549
2025,68.82527798549978
2026,31.102972534002895
2027,27.904047448148077
2028,29.757495119264995
2029,27.299208392595382
2030,50.12410845289988
2031,40.62608528664009
2032,66.48553282694216
2033,53.18039833354048
2034,57.395788655174044
2035,51.92534147941424
2036,32.70193879640965
2037,60.42943528720964
2038,36.19368061435917
2039,67.89217755919012
2040,63.406702111702806
2041,38.42174591459194
2042,68.64160922479294
2043,74.76847377354082
2044,27.514344142580313
2045,32.73997032782835
2046,78.17631908815287
2047,32.71464070277614
2048,37.850087649793615
2049,72.9817054711974
2050,35.78420169329878
2051,40.59894488976045
2052,35.127534782316566
2053,35.23841415777821
2054,73.29446426622427
2055,54.928318007697904
2056,68.83950988154642
2057,41.125731687503865
2058,30.295088756524514
2059,55.84255227668131
2060,59.30178926497467
2061,41.44047797440829
2062,74.32276422862309
2063,68.86408464062303
2064,63.199902227449826
2065,72.93075941002468
2066,61.284745928744776
2067,60.060005970039924
2068,29.759945008812764
2069,35.83900097515763
2070,77.65136484118631
2071,54.088577320126646
2072,65.26374320713165
2073,32.876344573545964
2074,67.66021532694228
2075,51.616351589409334
2076,34.88428229336095
2077,33.02375391458811
2078,71.82505708856138
2079,35.96808862164883
2080,73.01551190213624
2081,49.780235634826205
2082,29.3289473990489
2083,36.560104864966064
2084,61.37827699586009
2085,41.76714314585723
2086,73.142643952524
2087,28.556143215908556
2088,55.8001427591345
2089,64.74646715014484
2090,60.216315544505534
2091,33.30340372751699
2092,55.59268508977294
2093,27.75062982040751
2094,27.48814391674098
2095,25.22574307590523
2096,77.80402699850997
2097,32.753602104292156
2098,30.08940871162695
2099,32.77468939312545
2100,29.98829755411998
2101,56.79813910264729
2102,33.087370686893266
2103,38.17237414619664
2104,71.84449183728643
2105,37.379094897836204
2106,64.88407603820032
2107,34.13572942184736
2108,46.27843812213406
2109,66.49890798890654
2110,37.11623830242213
2111,28.963064367023378
2112,33.79816262361042
2113,70.22103144691337
2114,60.725483572783475
2115,27.7754650322835
2116,55.64569988941097
2117,59.033285976060824
2118,70.82945447868639
2119,36.486472115254884
2120,42.45728643215489
2121,33.288785173597695
2122,28.774367115939718
2123,35.120969695847855
2124,57.92716136007838
2125,35.05368403902185
2126,30.626769917278935
2127,62.2984393493917
2128,36.313800682090665
2129,69.14719472530356
2130,45.28491207483459
2131,49.243932398470136
2132,32.57753241282427
2133,68.76106021908544
2134,26.679741739145157
2135,30.908262676284565
2136,52.1666812372029
2137,58.047271263181784
2138,70.92424102511812
2139,76.98504496879178
2140,31.17714963491042
2141,33.510942297740755
2142,28.946955394747903
2143,44.599555045670506
2144,61.63831713166365
2145,35.916016274341594
2146,72.84547681303161
2147,32.83533476231073
2148,60.70311608466751
2149,64.93322789325272
2150,47.94275330538618
2151,59.496053794985386
2152,47.03448548335256
2153,76.41627861241892
2154,79.97537600337098
2155,53.921009490694345
2156,57.17246023487772
2157,57.62749664435839
2158,73.52679263655008
2159,75.1988983642625
2160,33.892906447031315
2161,33.37836477775581
2162,35.0789626719004
2163,73.27598126598956
2164,47.21958132669329
2165,46.607952012138995
2166,33.347820203631386
2167,35.27004878700869
2168,37.7139883153287
2169,34.218018426001315
2170,27.666590021652702
2171,68.31655490181215
2172,53.838541567553236
2173,32.193337458456526
2174,52.770066658364954
2175,58.39029447022003
2176,73.36874301420505
2177,56.894174586990594
2178,58.36742817778102
2179,28.42351102667795
2180,26.811493279298816
2181,55.042574767718285
2182,39.313152219620264
2183,36.80768538520275
2184,66.97854195770098
2185,37.655550084240886
2186,33.73667997486614
2187,59.58221306146977
2188,44.65999438307939
2189,26.082584759142847
2190,68.45523529366024
2191,70.97818229761228
2192,31.160859415805803
2193,65.98288891511108
2194,53.50526854718147
2195,53.1874008439527
2196,62.891306888198535
2197,38.29936282013897
2198,28.281587611117367
2199,65.32281492456397
2200,27.934210624185972
2201,30.229159359183583
2202,70.94666829350436
2203,68.58025194163037
2204,26.176109831986523
2205,38.83484715235447
2206,30.680290359186515
2207,27.51928055934816
2208,76.23119596835456
2209,34.89104923285691
2210,65.63038944806746
2211,67.30114479772885
2212,34.595049918509645
2213,33.12190901263603
2214,39.27872784470292
2215,41.34738979797927
2216,31.1768781578713
2217,63.059286311930585
2218,67.12216757327397
2219,27.01825145207483
2220,74.94583584199975
2221,36.51762058395168
2222,28.52504888820482
2223,26.870737555330457
2224,73.69217517927264
2225,36.46820622890646
2226,28.771009097947534
2227,43.21448230113137
2228,32.305478073182286
2229,25.302546198553962
2230,74.7518002825002
2231,67.88174908968284
2232,66.08973216169237
2233,28.8599136117059
2234,52.767741502214434
2235,52.43066464550739
2236,62.33239948036031
2237,54.06692513791846
2238,42.471786698180146
2239,38.491027016368335
2240,53.06853524449927
2241,61.94385740445644
2242,31.031055086144043
2243,58.961591267055795
2244,73.29282789328111
2245,62.95965749388998
2246,43.22852835427677
2247,52.19370265592791
2248,26.805859407565286
2249,69.97887684411135
2250,27.63301107086489
2251,28.709664229707663
2252,32.1613659369368
2253,30.556191942983837
2254,69.42204525102555
2255,64.56123387148905
2256,34.283436791339504
2257,30.81285952084479
2258,36.410466056919745
2259,45.81480660556885
2260,52.128313759424046
2261,45.9221319354132
2262,62.97353848709729
2263,51.81508032349049
2264,31.091399590776888
2265,63.200174193420125
2266,57.4621275313043
2267,27.70333649063793
2268,27.62009547278158
2269,36.338033389152805
2270,32.92754192019069
2271,64.60825634694083
2272,40.363300584475496
2273,28.23451409321151
2274,31.35207114363621
2275,48.196288380824335
2276,39.78630475097979
2277,33.98120584180105
2278,41.95079834425593
2279,60.26585547314397
2280,62.83620472323091
2281,40.746155127047516
2282,47.199589722497954
2283,34.31757600334814
2284,29.04820133148238
2285,36.5251513612526
2286,50.42531582833729
2287,29.383923830260592
2288,71.61172079003713
2289,66.97731939331895
2290,24.16817813880288
2291,69.20184914940872
2292,36.48034855535862
2293,45.750725265108514
2294,64.09270701533944
2295,38.56201635727643
2296,30.95501669967944
2297,27.14203161445362
2298,35.896847306333484
2299,34.411889008099934
2300,68.59721679052218
2301,70.84582997361542
2302,74.46444324659373
2303,49.4410310332784
2304,32.46106790834696
2305,55.457968680925774
2306,35.89041250195603
2307,25.82569399798237
2308,29.33342795086746
2309,23.682085203014147
2310,28.409405889254153
2311,62.00698072526829
2312,46.051925542181635
2313,32.29973644421068
2314,52.94214499962754
2315,70.48022078125766
2316,51.51366546218239
2317,31.378032375101476
2318,69.20127993438263
2319,66.16361135376728
2320,48.73327566813681
2321,33.479341150422
2322,38.82672861422698
2323,67.91917016552166
2324,47.838859925603735
2325,39.64805679210793
2326,29.099119765030622
2327,29.49783143521718
2328,73.92345824584639
2329,69.54594012969606
2330,61.587657036003314
2331,38.923017394897116
2332,36.82575184488835
2333,76.86152910912332
2334,39.321616958448445
2335,27.43311015326526
2336,40.66280052020973
2337,31.234354874239962
2338,27.278682699931345
2339,70.20194068167511
2340,33.19459645346789
2341,43.29255327697594
2342,70.70551826583772
2343,44.40320460694751
2344,59.14749886292475
2345,42.686899861527074
2346,45.520248406716405
2347,28.100568210887197
2348,28.05886622420504
2349,66.77481485364443
2350,34.45006431544617
2351,72.13634321973737
2352,34.06237258328683
2353,27.28724688814099
2354,32.547266328667455
2355,70.59859564873354
2356,58.071760377835716
2357,32.83370193371818
2358,64.03104754294395
2359,28.105556399940568
2360,28.332949796083263
2361,30.10379507627291
2362,69.37623046221809
2363,27.53521094376258
2364,33.04536735409829
2365,23.622198754364994
2366,72.38012647234385
2367,45.791643136674054
2368,77.57515927230583
2369,33.81982256982436
2370,69.23438459211202
2371,40.711022489158935
2372,30.90265935787614
2373,72.42230665110463
2374,74.16438579089834
2375,40.7671298994534
2376,26.308802850708645
2377,32.63762639414161
2378,46.81148227610173
2379,75.2876857908641
2380,75.23240853334576
2381,29.15938898146753
2382,33.62090936873558
2383,47.98922600806259
2384,39.64957515895317
2385,71.76373811952485
2386,75.48344046508018
2387,32.82415985801449
2388,40.22426204546025
2389,36.143160384429336
2390,36.190032933180255
2391,63.435145267319776
2392,71.10427457320404
2393,55.83237266549432
2394,63.28838098792485
2395,59.411938995639346
2396,54.26024140194176
2397,30.789002428249894
2398,31.796352624294826
2399,53.61630707284529
2400,27.441722638133903
2401,32.729829787386386
2402,62.79183800543254
2403,64.63054659734304
2404,60.42699684134222
2405,59.27180093430617
2406,31.416649592362177
2407,68.13386250504868
2408,62.534108379502676
2409,35.937195800497896
2410,68.545154065557
2411,68.8487805064486
2412,28.432495777502083
2413,29.01853351712346
2414,53.38440756793722
2415,32.52461224657101
2416,50.84797087841961
2417,27.01298936017347
2418,68.72242445826988
2419,57.781241891929525
2420,55.490219583244425
2421,73.77696408747781
2422,35.973526238883196
2423,64.23608989849156
2424,64.55053415163636
2425,63.60223769882272
2426,52.17381368881359
2427,48.3964264486233
2428,51.85694784431561
2429,47.2241236440049
2430,39.85589198730668
2431,92.72650235549851
2432,80.85131334148366
2433,31.781772353451622
2434,31.61067422347162
2435,43.40608438246524
2436,60.77216493903228
2437,23.74597193536266
2438,68.96458681530986
2439,63.633143203693216
2440,26.073806446530305
2441,55.44839401344421
2442,36.79110907913973
2443,40.01454914536599
2444,38.98515963922822
2445,31.40217257748737
2446,70.2496488969269
2447,70.33730494857406
2448,53.48537823149496
2449,69.12403632772961
2450,30.09365810705284
2451,29.987457430232276
2452,72.71555682986308
2453,24.43552362403907
2454,53.393548749321255
2455,28.71032513208649
2456,53.845762270039955
2457,37.256452740710785
2458,61.65127702331359
2459,54.59197458209871
2460,41.01919088721246
2461,73.66253135553414
2462,42.98155176258775
2463,55.28136416194418
2464,39.01509048774021
2465,33.56588228703337
2466,69.95851360332367
2467,30.598310439313913
2468,58.38864100976574
2469,75.0311974753401
2470,76.48336214044188
2471,64.45405397164997
2472,27.219710486188582
2473,29.75374769247707
2474,28.886433665001704
2475,65.26784259026955
2476,29.823923933584638
2477,66.5670772591683
2478,72.77947600803247
2479,31.102072029417656
2480,24.351821460537728
2481,73.91839669383846
2482,29.255189232505224
2483,29.274330138327137
2484,33.89966853176446
2485,29.756095309576274
2486,74.41228598677597
2487,48.72908700081887
2488,74.28498535057025
2489,30.99455954270583
2490,30.833539518041967
2491,43.985618404102716
2492,41.550652136362864
2493,65.76831297952457
2494,59.94775397927909
2495,60.71028883401242
2496,47.51306576489544
2497,75.774843319245
2498,53.58617935111228
2499,29.320107868551958
2500,52.654636792292614
2501,37.21121502389954
2502,32.006573404816656
2503,43.17016556488464
2504,69.03225051278218
2505,72.77549849473881
2506,68.92867155733688
2507,30.813861927686887
2508,50.44571917629004
2509,60.77174656082509
2510,64.75526075388943
2511,25.576306293413154
2512,52.94573385791035
2513,31.20069390227757
2514,33.288894593757135
2515,28.423736600181094
2516,71.20534334801465
2517,56.5994388967307
2518,70.24484454544616
2519,53.5539966845616
2520,38.80811137003269
2521,29.53939553871492
2522,33.8966312476878
2523,29.24610355094614
2524,69.95675133270002
2525,32.56493217206469
2526,28.183453379075807
2527,28.783522576335365
2528,66.27347676002843
2529,38.28532003207252
2530,57.76556503912391
2531,61.123198077017385
2532,37.01011346373994
2533,71.84312664564081
2534,30.44983492863461
2535,34.855022268228275
2536,29.80294434888272
2537,29.840407741118703
2538,31.25820114675986
2539,28.823176254062986
2540,28.093795963784885
2541,38.393379375433604
2542,27.32810074242669
2543,27.15671646573015
2544,28.741972402308484
2545,66.78293795090245
2546,31.940789501050645
2547,72.36542249104164
2548,58.42251369466586
2549,31.551884063353143
2550,53.47002295435828
2551,37.98088895258345
2552,38.47031160051251
2553,25.536542613508978
2554,34.95015633920616
2555,84.776523066297
2556,55.20732713480802
2557,73.46199154608786
2558,69.14303543297068
2559,58.88754522106497
2560,63.928884975272695
2561,36.57919389921298
2562,45.920967879132625
2563,71.92730787518923
2564,27.425429297702664
2565,53.5982871168295
2566,39.03965817605652
2567,29.24214547528647
2568,31.346709716492832
2569,32.53917919803764
2570,28.633190659268756
2571,50.4281121574998
2572,75.95541258895126
2573,60.06494592052745
2574,64.33447534135901
2575,61.69590027734314
2576,32.114047031363555
2577,71.22282173831475
2578,62.27167397775203
2579,27.806919673525577
2580,33.90683430907932
2581,32.30460128996774
2582,26.625499560762833
2583,62.359506319135605
2584,75.75654048023787
2585,46.4288535684228
2586,63.101476019577376
2587,73.8961930626588
2588,62.62665471741246
2589,56.48809565182369
2590,24.88855991566139
2591,65.1738196102199
2592,33.057928049417725
2593,69.36963582031721
2594,63.85170860666827
2595,73.54409714412749
2596,58.676483152494924
2597,61.19455553755537
2598,43.27090427256643
2599,31.83775829053807
2600,38.42820642869729
2601,30.56614543506678
2602,27.13117116253632
2603,70.28589498625166
2604,33.03883922606546
2605,31.216330198384192
2606,65.93664118424245
2607,74.76739478016091
2608,54.49046714281876
2609,63.62283591187995
2610,39.68802847862226
2611,61.36583288524298
2612,72.95871238832974
2613,35.40299965955937
2614,54.8612467561757
2615,26.769576959361906
2616,31.596787616779388
2617,16.766834958305736
2618,67.12435364228047
2619,56.20992901561152
2620,57.272813230021114
2621,69.10543804161559
2622,72.59176179089216
2623,66.08668511409654
2624,51.753821638656206
2625,32.89593563756474
2626,34.60619880786201
2627,34.00944428778593
2628,70.80625866928823
2629,34.57706288126351
2630,38.633386676041276
2631,27.77288726965881
2632,71.82361476692492
2633,31.910491596231168
2634,52.875409681889494
2635,64.02574547595714
2636,59.02185993533164
2637,60.212245319984746
2638,29.261082287325515
2639,30.663645793900137
2640,60.129686653718096
2641,28.22363801664556
2642,35.99317629575056
2643,38.56143371318719
2644,66.49659155011601
2645,30.868994941523688
2646,62.75136509951459
2647,37.17959941683454
2648,59.21798527076983
2649,34.86337276652398
2650,58.64595315317955
2651,33.243662542077416
2652,30.147474299075384
2653,27.031783368893883
2654,27.010587136836733
2655,65.54250261342412
2656,71.00604488992991
2657,74.96959581649269
2658,58.83141709432456
2659,34.45737482456378
2660,29.170052679448453
2661,26.048671320015153
2662,41.01781587796215
2663,73.07767066674174
2664,71.53462803392793
2665,56.033381710723944
2666,66.96233610281745
2667,47.516364271956185
2668,38.84694690180122
2669,37.40503426581413
2670,29.609615525278308
2671,48.71043405207012
2672,56.28509419484962
2673,28.899644394591654
2674,70.5029498336841
2675,43.06846250021995
2676,45.87493019617533
2677,69.20278139845821
2678,36.94744677391485
2679,66.30316402474742
2680,34.101108643085034
2681,62.37771068818225
2682,32.35606280144187
2683,30.422197702693566
2684,63.13390751737762
2685,66.60540027390766
2686,38.71354956458727
2687,40.35874483306271
2688,26.814041592342313
2689,64.904563203885
2690,61.12604467873244
2691,36.752864105368204
2692,38.86623650455568
2693,32.92721256976391
2694,56.18727199001157
2695,31.550166530977798
2696,72.4713974754561
2697,50.26344232677904
2698,64.54685977973243
2699,53.67782092065406
2700,35.04415314523203
2701,30.783811875064828
2702,44.630337819336404
2703,54.433163663073266
2704,76.8320392578454
2705,88.2040496675089
2706,35.79809798536406
2707,61.53506142561629
2708,30.52910172192997
2709,31.24912002698757
2710,46.36978801296584
2711,32.16735101468115
2712,42.588323949681914
2713,56.74758982789136
2714,65.84680858307624
2715,64.21073158448151
2716,66.74897744242283
2717,26.73421733997084
2718,57.06529270149968
2719,26.50269204084981
2720,30.923972049372182
2721,30.45402256726085
2722,74.47456384320185
2723,27.75351492351639
2724,68.40544815571793
2725,33.878755987104135
2726,73.12259697690703
2727,25.057134532848693
2728,50.29752807859338
2729,45.88443380956954
2730,31.31867154643424
2731,33.566858377802255
2732,44.04514742460805
2733,39.28346155330479
2734,29.526340631827395
2735,72.02287189922292
2736,70.35425858842842
2737,40.50653397376529
2738,24.897279381631286
2739,69.01080928843513
2740,62.70869017667752
2741,26.52927239498628
2742,41.442781840576096
2743,37.38637676323427
2744,54.54316219125235
2745,40.77208962404477
2746,46.680342270130886
2747,68.577352318529
2748,56.86316904765012
2749,32.7526811219708
2750,39.25653040006675
2751,73.18626511860472
2752,57.91213802802744
2753,52.18271088703287
2754,50.38889981283084
2755,57.02529464084431
2756,28.357138843619353
2757,62.77513820593779
2758,64.0689973403111
2759,35.83485121951426
2760,32.96876320874106
2761,39.122533939006644
2762,41.74808245361775
2763,27.562924064786678
2764,62.52808624660557
2765,65.20088994486295
2766,72.39426292595007
2767,83.29016282534113
2768,62.932302767428126
2769,35.400240514078476
2770,27.037066588100934
2771,32.396285630470224
2772,59.48919676148032
2773,64.13402104245193
2774,35.17815710827066
2775,41.23141315435448
2776,68.9623873297971
2777,32.42234108072375
2778,50.81582686749613
2779,61.98076755538146
2780,31.871023855455093
2781,70.47181803891701
2782,51.90039992725292
2783,75.52203115732975
2784,65.37665370863638
2785,36.38871386825293
2786,68.00020561443031
2787,54.6971714728328
2788,29.889945156113427
2789,76.559660504236
2790,64.82986342576501
2791,35.376610272885856
2792,37.367018555475944
2793,52.878657496533066
2794,62.596468164775544
2795,33.234761649591945
2796,55.24224832592108
2797,31.669130552882535
2798,27.39210662293776
2799,72.422839933311
2800,52.34901881678888
2801,65.73507596930439
2802,55.18023404089078
2803,67.18642852813159
2804,39.42081961426931
2805,30.356037080151175
2806,81.13166093436186
2807,35.00679480224833
2808,42.000098534901625
2809,63.46904477667418
2810,36.73972335274678
2811,72.37293634398563
2812,47.32068350416746
2813,79.46580246344273
2814,43.07118726144607
2815,29.29993211454883
2816,54.54342389094039
2817,38.18097304679327
2818,30.14564706588387
2819,23.426563277377802
2820,63.090719284428445
2821,62.04740980878333
2822,28.577556011638947
2823,46.924471341309165
2824,31.10273344177778
2825,28.80849518042333
2826,73.33293615756958
2827,55.511152489546994
2828,36.72383743652639
2829,62.37296137505599
2830,30.59217010590026
2831,62.704508358805114
2832,68.54182441366858
2833,37.17523496441985
2834,76.34971081455984
2835,49.166073125391726
2836,29.15160751883308
2837,73.08670468923927
2838,44.932791906344576
2839,72.87460806030063
2840,61.35694906244082
2841,27.633446428398344
2842,63.70191866770084
2843,66.202252901285
2844,34.05245128177497
2845,50.90416397529279
2846,48.95127213959253
2847,68.52571475844915
2848,52.18212683822442
2849,64.43660036179725
2850,37.424408069067226
2851,74.18848718631584
2852,57.06554566281636
2853,40.39564728352364
2854,31.81326958362321
2855,38.886543621089984
2856,62.26961346189837
2857,62.96413452421645
2858,59.21664714448493
2859,52.012793841150256
2860,29.73893510105931
2861,49.291110688133394
2862,28.91590036240474
2863,63.32814605337742
2864,32.476544264708444
2865,27.232770193419967
2866,68.03472882333898
2867,27.870046331695782
2868,51.451402963227125
2869,36.06593812778722
2870,27.163442518279666
2871,31.15093371489506
2872,76.97581027745807
2873,22.97175785989768
2874,73.85669241416281
2875,34.558706639960576
2876,34.428565535095395
2877,34.23909588875716
2878,57.69537085438057
2879,65.34847907592793
2880,40.113298065910136
2881,60.59888247083708
2882,75.92018475312403
2883,40.876399023655445
2884,73.60096709221283
2885,53.52546865695048
2886,29.59521456453018
2887,32.946278278890595
2888,60.68013350301425
2889,30.92378373275247
2890,35.632593442507876
2891,59.91992791783997
2892,34.79604537205017
2893,79.32330496992442
2894,32.03827176887259
2895,52.014760689450895
2896,30.774980027219655
2897,31.8693832823151
2898,62.75186339533656
2899,43.382917604936715
2900,37.044335090110465
2901,29.69238200243764
2902,30.66495095238031
2903,74.45279925020209
2904,27.199455817908515
2905,61.48052130781836
2906,48.89916130403903
2907,39.38542385654963
2908,65.10948594800527
2909,74.10682769014964
2910,42.131166497086426
2911,73.82356170001815
2912,62.65039866815022
2913,41.59501015370987
2914,43.08833712340194
2915,69.6499681185849
2916,34.43118262273946
2917,27.66313879541317
2918,30.366508695057902
2919,37.80696009888895
2920,30.477718168710354
2921,27.88987559851629
2922,23.221435175094065
2923,57.64842393990867
2924,30.59520804367854
2925,54.62915129489276
2926,26.62414233594317
2927,49.98790000452745
2928,36.71945510615112
2929,33.496440982141976
2930,45.600879011713346
2931,35.95329283532316
2932,28.460845627893057
2933,41.74482791387463
2934,34.70421061381782
2935,41.09673821034793
2936,79.72188722539452
2937,25.365057301216382
2938,68.43706381372462
2939,34.84241865833999
2940,28.424829102859626
2941,32.35550928291387
2942,63.478625505537835
2943,30.411014506720726
2944,74.53726881775923
2945,67.74047142986754
2946,61.71044180746367
2947,31.475139404427914
2948,25.786539428714846
2949,56.839387088154325
2950,33.36509995155465
2951,37.053268725335975
2952,74.08563863195394
2953,28.35225592532757
2954,37.49381636949628
2955,32.80196105462353
2956,46.88372053935925
2957,66.19818555228692
2958,27.49180334282176
2959,27.258490086032047
2960,36.86288729889014
2961,47.738325775276486
2962,78.77076034700883
2963,33.72985991148203
2964,32.88912754336413
2965,71.54233565979578
2966,77.89369533580839
2967,30.95855973241534
2968,41.131119630422006
2969,30.342986994661132
2970,31.92222036992282
2971,30.435249688256
2972,50.911682494184234
2973,29.862790489078016
2974,35.33439893866494
2975,33.600791361267625
2976,32.919975851236906
2977,33.52207385077107
2978,31.54433958881001
2979,32.021389658003905
2980,59.28055774167434
2981,70.86373126258992
2982,73.82884325971884
2983,68.55190155224084
2984,34.954296956383025
2985,34.27676276487657
2986,36.82458372423244
2987,29.673445497663913
2988,76.1811585921766
2989,68.59707385023681
2990,62.783460544449426
2991,28.096918811841967
2992,69.82213879068154
2993,33.16176273445409
2994,66.95190638581045
2995,29.510041758422318
2996,57.690299770143596
2997,33.06805296738625
2998,73.54207541580898
2999,29.386489457510734
3000,76.72904765057143
3001,77.49353934226545
3002,60.60411603757507
3003,27.08550065038211
3004,37.79745830973369
3005,32.03828390700554
3006,29.78634593249179
3007,75.66878059141641
3008,33.142407790758334
3009,29.956866186170537
3010,35.363424096923204
3011,71.36973585914706
3012,67.55497188331945
3013,65.67548245600248
3014,33.09358952657182
3015,72.05402918199678
3016,63.66632416168096
3017,62.62130704686426
3018,30.924448168186203
3019,37.467623610416744
3020,34.60657751453926
3021,30.906202963154463
3022,57.89029525646518
3023,50.36417575288899
3024,62.638225167057705
3025,59.73942520625944
3026,50.41309547105303
3027,29.052451927312013
3028,41.796939921735905
3029,41.94693976333238
3030,77.31087554859195
3031,28.207137248014504
3032,42.63506744511128
3033,31.487766636817582
3034,64.54956042104189
3035,66.81195625286614
3036,74.90360231593776
3037,32.69720694505808
3038,66.97958114712411
3039,27.268187046842968
3040,64.84201353008915
3041,69.73291632515486
3042,32.964608072597706
3043,32.19243155125421
3044,46.19789604701268
3045,62.01343010342577
3046,40.3647642659496
3047,54.75299069659353
3048,30.59323622624398
3049,27.710396363476704
3050,24.937105216094018
3051,31.145938172016166
3052,66.62227080841822
3053,40.56373134164992
3054,63.32154087593073
3055,75.8732721787268
3056,53.530241175507136
3057,32.1790158225592
3058,38.13203290732977
3059,80.64512277673477
3060,58.28179004276883
3061,67.83414848271688
3062,38.94878942395997
3063,32.25390094632218
3064,29.618203106078077
3065,80.29936692276624
3066,35.92104288431144
3067,61.66556343685282
3068,31.469277768508412
3069,28.270706500429675
3070,29.889889773504116
3071,31.61575347494645
3072,62.274150476297045
3073,30.448459508277587
3074,62.85093880787449
3075,27.328607778426367
3076,50.51949354605963
3077,36.707457492971976
3078,52.288473963893566
3079,61.00654344816262
3080,28.282154679842066
3081,30.97049746268064
3082,81.31115078676272
3083,65.54644553915085
3084,60.39332158845171
3085,30.998518260067527
3086,31.107160394597457
3087,27.21287629648812
3088,39.84586918974082
3089,37.97197232838898
3090,50.88127576024323
3091,65.36621602060599
3092,34.206843321509716
3093,71.1412581847107
3094,28.667459123629946
3095,64.24280844556519
3096,70.10478223964301
3097,32.40803545129619
3098,34.12217998119281
3099,49.12229531692603
3100,34.95216250942022
3101,63.4590074853172
3102,31.333816140795115
3103,62.05819033776501
3104,51.91080804444081
3105,32.58968660242208
3106,62.3168596319982
3107,53.53506468033325
3108,76.68370514011397
3109,70.86168804624009
3110,73.39678235635566
3111,72.26408547411123
3112,45.5040018822217
3113,32.99880630150854
3114,35.80714582517008
3115,25.623066661288362
3116,56.4521145851285
3117,33.882757875057564
3118,35.653547016737576
3119,63.414846654821076
3120,60.29662516984112
3121,55.45939844591282
3122,34.68277397311338
3123,31.414352359237917
3124,35.996275814914824
3125,58.18386416309085
3126,30.673147672555906
3127,36.86173039538227
3128,29.692559903916944
3129,32.60779099043044
3130,27.77761882679851
3131,49.95645443923148
3132,28.852326107336197
3133,69.6844533192309
3134,66.09701683729328
3135,60.57742151079698
3136,72.1818302725457
3137,27.17362148976644
3138,30.154483228060002
3139,35.52191083962984
3140,29.325652567784395
3141,60.86369951042856
3142,68.73921006299797
3143,50.44896963937457
3144,58.58019091698904
3145,28.98232066423037
3146,31.355742242568674
3147,43.39859103412648
3148,26.934819112488164
3149,49.931999483627514
3150,64.00189865958268
3151,34.53692751458045
3152,34.49415246506669
3153,34.82515351642434
3154,28.748066606200737
3155,60.29157025088764
3156,29.137258818506254
3157,27.119084505275815
3158,28.736332811278842
3159,38.35983338624164
3160,71.7960783762844
3161,34.62327407321187
3162,57.416449503010504
3163,56.322657409173
3164,27.19591943058579
3165,51.08399483096747
3166,65.33585201647917
3167,42.624710531840776
3168,41.86825806464127
3169,29.147473621509477
3170,57.565859855619635
3171,31.69101405675009
3172,57.54124831660066
3173,31.763531306055498
3174,29.643927415457014
3175,52.126402130325225
3176,25.7330346129461
3177,69.94423729133032
3178,41.61650483722667
3179,58.66457710663106
3180,32.79900018135539
3181,73.92648629124939
3182,29.338162530752967
3183,33.73111053712509
3184,26.90441269888916
3185,32.13430374984182
3186,31.804346970926865
3187,75.60526566998037
3188,30.861206886915014
3189,43.08097841792448
3190,73.7080897469058
3191,74.7467190170299
3192,50.47148895283915
3193,80.07161632845492
3194,73.94399164428759
3195,28.518039091476005
3196,23.91619608827761
3197,61.9060265120184
3198,74.14662458292335
3199,73.57895214325308
3200,38.44853561061247
3201,24.10530501255625
3202,27.663582933263463
3203,48.481016446168134
3204,64.99539975174727
3205,69.73528646495572
3206,36.854625874665395
3207,25.00044018853672
3208,29.89813790311762
3209,62.19741387237406
3210,44.168533733139974
3211,34.49843323976251
3212,62.20254731897704
3213,67.17628076510954
3214,24.3736109024846
3215,27.983295380585368
3216,29.429594110048647
3217,38.46796920962169
3218,30.728665269072962
3219,74.46134749442237
3220,69.34792623865077
3221,65.96359277207156
3222,33.298564095479385
3223,38.63325140202882
3224,29.421137909466914
3225,30.87474954634429
3226,31.151642911475648
3227,42.32935880606857
3228,77.64305298932386
3229,35.963434233853704
3230,29.82127660195774
3231,30.06632287697029
3232,28.204714487145424
3233,65.35015130919214
3234,34.77358101220864
3235,50.900322359774975
3236,55.921140859689956
3237,64.58764924136221
3238,58.856747909317434
3239,26.585220505561665
3240,23.404663062144607
3241,28.521362044611926
3242,66.36635382714718
3243,32.605788735909286
3244,34.06892362477278
3245,33.81017047982312
3246,77.85700456638382
3247,40.60906887087169
3248,61.45066301765468
3249,67.23158234816101
3250,70.37653244188401
3251,59.238599795459656
3252,31.790574859560166
3253,84.88227320591817
3254,66.77838954776244
3255,50.305669920819795
3256,74.6353127176571
3257,34.745878943670114
3258,26.756171875265558
3259,36.90544948471052
3260,61.34462182852128
3261,34.702156526969176
3262,51.96875635413514
3263,29.84345015357887
3264,25.85722912180985
3265,32.41531740081616
3266,25.855622360558037
3267,64.85760559538954
3268,69.98830462993953
3269,71.02824573899377
3270,63.93831200731612
3271,32.76683511737379
3272,64.42656994924688
3273,33.10448143922852
3274,29.51829595728261
3275,33.85038547072054
3276,65.40857785961829
3277,81.9964190870117
3278,38.195353325983476
3279,26.138302909785097
3280,72.57060079481082
3281,75.34893277266382
3282,72.43965930347117
3283,27.854296771848105
3284,31.239478928763752
3285,53.77979529729401
3286,31.41621023183157
3287,32.45756274806747
3288,30.8646493529103
3289,62.4679532607769
3290,64.6523420571162
3291,74.28733267482802
3292,29.81527725687326
3293,69.98191431243329
3294,55.4085673582556
3295,27.77575061253215
3296,35.8060697212419
3297,67.23184342089631
3298,72.19918779602598
3299,44.261667824899725
3300,65.33508441336062
3301,78.92668556925591
3302,79.29092602525098
3303,28.354589146316272
3304,27.904424823735127
3305,69.15264262304287
3306,61.18756165287209
3307,48.64091361676812
3308,27.493958283904853
3309,27.57985381657324
3310,27.556911647371848
3311,62.05284003164252
3312,28.822261729232864
3313,36.43974146864171
3314,34.22136736508807
3315,35.48684166142481
3316,61.35373443652358
3317,62.59512353154604
3318,31.71339619122378
3319,28.89744931033553
3320,49.1099799325601
3321,27.425517603303717
3322,66.9054895754733
3323,32.93843712073669
3324,67.18974449799924
3325,27.73982990158507
3326,37.98936138549008
3327,27.075031517897635
3328,65.79408987717792
3329,63.372138885819496
3330,76.78909856616976
3331,31.970014510811502
3332,58.29072813522273
3333,62.44332428439805
3334,70.69912321239747
3335,32.89144302624368
3336,29.926838434486207
3337,78.07155956008523
3338,70.12603393542554
3339,27.16604473661699
3340,43.426482142307904
3341,32.66598839365669
3342,82.21540107325163
3343,63.74008189048265
3344,69.96494159716079
3345,63.559909648428686
3346,61.56065922407048
3347,32.45327608740198
3348,28.27404062342398
3349,25.000671073178538
3350,57.62528190424516
3351,44.11884763547264
3352,64.60414767274342
3353,26.293509546462367
3354,33.95744753173289
3355,25.05321465420986
3356,68.36306990885633
3357,70.77523245394137
3358,41.20913399289123
3359,38.34417571811987
3360,37.571050156747
3361,55.78620375895224
3362,61.36973342889848
3363,79.5924993936083
3364,38.60786669905709
3365,54.6963796733192
3366,33.85570352560414
3367,50.019231891183615
3368,54.66593747339097
3369,53.227109867932874
3370,33.65863010408401
3371,28.832202317997066
3372,37.30549294437453
3373,60.18897771263721
3374,26.23882927095476
3375,67.60337605840155
3376,57.53871869014965
3377,72.36790542495704
3378,52.9401663280836
3379,25.654517246424106
3380,33.37355673118001
3381,29.231002858866788
3382,72.72028179900583
3383,32.612347125869825
3384,33.102058440129525
3385,27.978803350164227
3386,29.762581946690332
3387,70.86659402577423
3388,65.60302603951092
3389,29.259940771122444
3390,38.58327790838481
3391,35.372803337660756
3392,28.23280202574491
3393,78.64783825258752
3394,65.76414187347329
3395,66.54624889543014
3396,39.062592274913065
3397,30.525312375487736
3398,33.917837346883765
3399,60.34435714414431
3400,30.395978799026942
3401,43.738860585076814
3402,59.904269912974385
3403,36.721055750037785
3404,62.205524060575485
3405,77.76012424284572
3406,50.71681116971283
3407,29.608284305948544
3408,29.398790073065072
3409,71.31265432205123
3410,58.1145194061189
3411,58.34847116515908
3412,55.69927461472385
3413,39.772337301654744
3414,34.73878992875051
3415,30.047381235255656
3416,67.95247386779008
3417,73.65947058836186
3418,29.807895695902694
3419,36.72209961494251
3420,59.87550063062403
3421,32.61899634208878
3422,56.01074326984754
3423,32.92832396432406
3424,50.62247895527379
3425,34.40167465246819
3426,62.529603298028235
3427,28.483388471968638
3428,33.19040522279856
3429,58.25415420239206
3430,28.917183841488082
3431,71.73953278590021
3432,48.40674120022704
3433,63.849888774000235
3434,33.12890368380469
3435,75.56683721931961
3436,51.19568869117029
3437,59.805284025533936
3438,26.730462926664025
3439,63.84152518367938
3440,36.91198494541104
3441,42.81438510370353
3442,29.38980713721964
3443,32.52885741340881
3444,66.68114467824307
3445,34.91777734123995
3446,31.04927983577695
3447,54.22615533057773
3448,54.27211225878949
3449,36.34771273768591
3450,28.701255551860328
3451,39.422429646724424
3452,33.59510332462271
3453,45.198556564371835
3454,68.10806312898825
3455,29.229323702689733
3456,39.8720818525044
3457,71.6807385203729
3458,49.06028848671644
3459,39.74874962958653
3460,29.68597894638865
3461,32.833607027855685
3462,73.03825044027751
3463,63.38748955549177
3464,31.245793303770476
3465,30.10927565166547
3466,78.80444684334606
3467,59.76891125615684
3468,36.73002521875672
3469,30.215565604027013
3470,31.519875886169146
3471,55.824642343870664
3472,64.64452951556405
3473,57.48018343408734
3474,74.1646341613071
3475,69.8457450612885
3476,31.633883999374966
3477,57.4515946567345
3478,39.21057783263033
3479,29.76934949525075
3480,26.95994595668799
3481,28.95277904193653
3482,30.769819821821883
3483,61.63186889592721
3484,30.558268274998127
3485,58.95467570399775
3486,54.76900292532541
3487,26.449302129934395
3488,29.974291988291014
3489,69.66643481130373
3490,65.3590138694469
3491,52.26221948350364
3492,46.780849482231346
3493,68.30515978152701
3494,28.522890844896146
3495,36.56050727592683
3496,28.610599812663025
3497,27.26358937682661
3498,29.929174528434302
3499,57.71603505351766
3500,31.444876849096417
3501,32.37971176469122
3502,77.50231468595015
3503,53.67263316103226
3504,35.052572706305234
3505,30.32593624341787
3506,70.24541266601315
3507,30.373834883771657
3508,33.16498633926139
3509,31.223815499049657
3510,31.59459933559564
3511,60.21306074683796
3512,28.39328738600596
3513,27.88947151308019
3514,25.93867142172568
3515,68.27106621323811
3516,68.91489928484339
3517,30.79279783025286
3518,33.695451410788124
3519,71.09588814064782
3520,76.53575022785827
3521,33.47948094458716
3522,43.69304939967005
3523,31.12125316331995
3524,64.9455788166636
3525,31.509118553553037
3526,32.63369259328317
3527,32.69585730674493
3528,30.091094583737863
3529,43.023676273770874
3530,65.81256692788602
3531,29.680369773252487
3532,56.603932467307494
3533,36.801389897499085
3534,26.358024330357736
3535,71.57416895247803
3536,53.04377963469952
3537,29.04086544409023
3538,31.85731512815407
3539,30.36523960514115
3540,37.12017932384141
3541,34.74072230414998
3542,34.4882659817969
3543,54.23466765718477
3544,27.531142690798
3545,79.53903597839695
3546,59.12894257372716
3547,39.104994963856754
3548,25.57704465904549
3549,63.06654768711144
3550,55.0973918887301
3551,31.142365462959866
3552,39.054872832227915
3553,54.446335577039164
3554,32.63697529794864
3555,37.45687539239445
3556,45.630196202925106
3557,61.09829204363677
3558,80.92842549592967
3559,34.82959493654391
3560,68.25329487221686
3561,30.476919656850278
3562,79.57256673533837
3563,35.00184940157454
3564,47.32649243744998
3565,59.03013069053196
3566,44.417462778140425
3567,41.831975997368815
3568,28.850257712087455
3569,42.59972076222069
3570,48.733612713401925
3571,40.720053865455355
3572,54.6678674261948
3573,59.22332940742244
3574,63.09319803932922
3575,60.37199847121124
3576,54.97701937259683
3577,43.13138808578624
3578,32.14541192680285
3579,36.46745288334445
3580,65.11509848533167
3581,31.635289513827736
3582,26.771897165908868
3583,32.446233282983044
3584,41.15324486124449
3585,29.789950611468115
3586,74.74815426351933
3587,64.37925512305172
3588,66.0132088061441
3589,64.04613953344418
3590,34.66231193912731
3591,78.21902710258932
3592,73.2470827889013
3593,27.945452034300978
3594,31.052851403764997
3595,60.4996033647852
3596,27.235023400630915
3597,32.916925078158705
3598,32.80186954115656
3599,77.33639063084125
3600,73.67035141667226
3601,31.18760856930551
3602,36.898101774047085
3603,72.48657654872503
3604,33.083432999506854
3605,67.59569318987405
3606,31.667066499958572
3607,33.677157480472644
3608,59.960252191938366
3609,36.63972193822511
3610,29.556716951687015
3611,49.18250877550602
3612,63.366706810881084
3613,62.080420104940366
3614,52.17816660789901
3615,67.36241388353513
3616,28.777752686738722
3617,57.91683268209739
3618,31.075977727449292
3619,53.317493710552185
3620,52.36603098461613
3621,61.07153539884605
3622,35.79601577155713
3623,59.24822006397972
3624,44.79847901944036
3625,29.260828121638497
3626,36.99475413038445
3627,64.08845261366335
3628,29.7881450393401
3629,61.92672198871939
3630,68.17177416679128
3631,31.43566077456388
3632,60.018781091703005
3633,28.03289969032827
3634,72.5722255843273
3635,54.11013498540305
3636,53.85107009252644
3637,62.939856227157065
3638,46.052162108391144
3639,71.09135117964333
3640,32.533012479889734
3641,55.09253300038259
3642,38.66072589942654
3643,62.597507741927245
3644,31.617318689951375
3645,40.739368865280966
3646,56.472977867533366
3647,64.73731978004353
3648,26.31075971765503
3649,35.05440657708869
3650,26.094253489473658
3651,28.57141515974125
3652,58.34691493726847
3653,28.746659061306445
3654,74.07028442284954
3655,64.17960396644952
3656,39.34995093719297
3657,31.890171067179374
3658,68.38127408723099
3659,46.723470535558874
3660,37.214275639110646
3661,68.80247042906254
3662,26.88621881620754
3663,26.31981196469419
3664,63.31350067965528
3665,31.4914881169586
3666,65.05402651155563
3667,49.85049194352785
3668,58.02951813857099
3669,33.362700317207235
3670,73.14403739317711
3671,51.24847256611491
3672,30.18878819738621
3673,52.167275142128815
3674,32.146361645080745
3675,70.9670771167155
3676,62.66152215538918
3677,60.80310220604852
3678,63.695111092228075
3679,54.61116731398181
3680,71.88408178648265
3681,40.65551549953855
3682,42.793050109237555
3683,33.22477814052581
3684,62.39678474866342
3685,29.179951714667588
3686,56.05383693766785
3687,71.42118674465804
3688,60.876479205643165
3689,68.79371102894976
3690,63.42003725050036
3691,36.08891577257434
3692,68.75673537521853
3693,31.53290029122303
3694,55.47156625497183
3695,39.40690480437972
3696,76.43586029915947
3697,53.84606559094384
3698,28.643359635745114
3699,51.23423416955978
3700,32.51226170254098
3701,61.718164201083674
3702,69.50928747840831
3703,37.01175654111835
3704,67.90703409193992
3705,68.48479490523917
3706,62.05204925538955
3707,30.998236030464533
3708,34.87631143883834
3709,68.46514182925499
3710,52.54162568713438
3711,34.659313525947766
3712,31.399569940854846
3713,75.02839139136958
3714,70.80623140902046
3715,28.413002054682927
3716,40.83364447778869
3717,71.06941002102165
3718,64.75458957647538
3719,64.90423066872167
3720,30.63353172631855
3721,74.55438677656912
3722,49.50438998379757
3723,69.37419335515281
3724,29.728989102904514
3725,31.23198481711436
3726,36.117735543322325
3727,51.068977201475136
3728,9.10032887057693
3729,71.09703315411329
3730,31.754997598824893
3731,49.687722680350674
3732,39.58370580085278
3733,73.08694637175996
3734,61.41703796949281
3735,63.3536410942823
3736,33.61246616422575
3737,70.43465108599675
3738,71.85366314052243
3739,41.855822967437796
3740,30.168205255153865
3741,60.724227198249835
3742,71.11716870936843
3743,38.05759362670803
3744,41.77427002284658
3745,52.85719999307946
3746,68.70518445400825
3747,64.95342045288177
3748,32.622809557722576
3749,32.08748987389302
3750,34.602221487897054
3751,43.57149541636089
3752,27.58092880167029
3753,66.36266595700924
3754,56.285442582527104
3755,33.565818928897826
3756,61.82700801455732
3757,63.57510124026162
3758,52.915795805454195
3759,72.37953230685287
3760,70.92438009928085
3761,68.34819408154695
3762,32.63078254655987
3763,71.44473684012705
3764,35.25831900684189
3765,61.62867564207357
3766,51.08326814573671
3767,36.28596214794694
3768,50.545084852929236
3769,29.532626151251975
3770,26.937927353597004
3771,72.42071911727457
3772,52.30498201287869
3773,57.235646404471126
3774,40.428308779217204
3775,67.02177823718038
3776,73.89839806122647
3777,29.477494396928442
3778,69.8793851492489
3779,55.864578815953415
3780,26.38694273641736
3781,41.371634118088224
3782,33.18821961123487
3783,60.34878430915683
3784,27.034478896064094
3785,41.10765066148731
3786,60.86625732373182
3787,70.54213045815108
3788,69.19808088612433
3789,70.59988756972794
3790,32.82038315320487
3791,76.62551106957022
3792,25.756382987981574
3793,68.50043564924808
3794,54.43249034918307
3795,28.179114356552574
3796,61.9579346260592
3797,71.12468737255084
3798,70.10789479347393
3799,32.33065007866466
3800,52.50460918890199
3801,75.70549290839874
3802,24.903173681718002
3803,31.120545154241498
3804,63.20097383688126
3805,51.42798715249772
3806,78.34866882931362
3807,76.16427763154056
3808,73.2589206881838
3809,71.1280316127737
3810,79.10487876742329
3811,34.985349305039705
3812,62.5352828309416
3813,31.866434793540193
3814,28.40383022301966
3815,70.69115129836327
3816,74.34944265445895
3817,28.480915318208723
3818,54.348922452710845
3819,40.853218676229126
3820,71.0590053191496
3821,38.66011615681485
3822,31.297534691998926
3823,29.79860990563658
3824,62.953124234313115
3825,36.537508127636094
3826,55.584649188580194
3827,61.42193800884955
3828,51.79074337356816
3829,26.458942682041197
3830,61.89132727833645
3831,57.790993547220495
3832,34.81384183751981
3833,26.052000253526593
3834,33.833423049068
3835,74.64405663549549
3836,55.69408139942143
3837,38.07984639791994
3838,63.6670364436865
3839,28.75383253760375
3840,70.12433852614119
3841,56.871721026170974
3842,41.51658102573061
3843,31.723003730650838
3844,67.71454492141775
3845,38.07284378282054
3846,31.395096461472036
3847,42.87943562967329
3848,49.27240555814286
3849,27.021142158735863
3850,53.14125694206296
3851,32.0369026536275
3852,59.857821876675146
3853,38.514346252875356
3854,52.73887392608748
3855,33.80356059842533
3856,29.231026116305628
3857,65.4571105844675
3858,31.792016248221692
3859,59.66850619676295
3860,52.34842887612236
3861,61.82566133156324
3862,63.42771416675839
3863,35.99082204094189
3864,61.38088989930415
3865,71.62835466812331
3866,28.742515673712
3867,77.56503509066142
3868,27.652112329645924
3869,55.11519316545075
3870,69.16645996705915
3871,37.55775528396558
3872,35.21791143176855
3873,57.11989969823702
3874,31.352520075804513
3875,33.918315595808394
3876,28.836573296107993
3877,44.464100597358836
3878,57.272615427822075
3879,56.82664060892878
3880,54.230408815007685
3881,33.9276872110764
3882,56.133295395708345
3883,37.10710207781252
3884,37.1998981408269
3885,80.81876681117225
3886,34.805864895627444
3887,29.060236004318234
3888,29.674272775232318
3889,22.384050180202244
3890,77.84863123772666
3891,72.1765048824091
3892,34.8126686396132
3893,27.485022514980628
3894,29.356881321478618
3895,75.06998837196008
3896,31.38210796264984
3897,28.53221021515678
3898,31.22798852173436
3899,42.819689943766406
3900,26.91893468892568
3901,46.667054671411684
3902,74.54886534895421
3903,61.27606877021039
3904,40.12111625868757
3905,29.476882852665995
3906,77.8531713658849
3907,55.119697500389265
3908,30.103763372818918
3909,67.12496408879569
3910,54.92901106549466
3911,57.27348017223764
3912,31.091570827822522
3913,65.6232398604138
3914,70.74568496504142
3915,60.14398101470874
3916,63.64856157652522
3917,64.12081884777741
3918,51.77139369304247
3919,26.76832119007245
3920,28.130860310697337
3921,30.262548128476446
3922,45.662255061096175
3923,70.62734277750044
3924,73.17329304147287
3925,29.04663752465469
3926,80.13944836641338
3927,64.90596522196145
3928,36.71152378538659
3929,37.03175953739051
3930,57.96437097697982
3931,51.26839337465282
3932,38.250180351160445
3933,34.0537957331171
3934,60.696660445419724
3935,29.463264429856096
3936,35.67779736113305
3937,79.3377430170561
3938,60.367092919539594
3939,35.16895440571239
3940,70.535169721425
3941,31.127592359955585
3942,69.63920509482475
3943,28.89054885443793
3944,61.86668109888964
3945,54.264875433026226
3946,51.90415057340426
3947,27.86638194244557
3948,53.94634606284718
3949,52.197096667878114
3950,59.55466793802286
3951,40.94693239638938
3952,31.43400102770589
3953,54.14728512580454
3954,28.560080871648687
3955,49.74321574357998
3956,36.55302176124361
3957,69.02395798331898
3958,28.67241456194904
3959,65.80820283435855
3960,50.942028347537985
3961,49.53053006156565
3962,53.49116622301267
3963,34.35748209173106
3964,49.15969653428939
3965,27.205588229898737
3966,64.46040208509197
3967,39.003297461121754
3968,52.59839310222887
3969,57.60320208642679
3970,46.642739619375924
3971,32.55782035501128
3972,66.71288511181172
3973,40.432141894417356
3974,40.71404216766582
3975,76.93655392569161
3976,70.49055847790856
3977,58.309230284148974
3978,63.055376818675434
3979,54.256051228273265
3980,61.01482327964631
3981,61.21393077730369
3982,51.66735029889284
3983,58.472486298850114
3984,51.463823892878565
3985,51.60934394134137
3986,34.815689193123085
3987,32.449371665495875
3988,39.466485745834746
3989,52.15567982136058
3990,32.67007175556131
3991,33.31570219748622
3992,60.39193430405192
3993,29.01296887634939
3994,54.8163295552581
3995,26.787751533942192
3996,32.78967392715913
3997,31.020039426591232
3998,40.255334891992575
3999,45.08411472560639
4000,55.800144916952036
4001,39.5134667152074
4002,32.30482400153742
4003,49.56089723797957
4004,59.01333887695686
4005,27.097617989190034
4006,27.56862967298678
4007,33.02811416928335
4008,32.66742305740444
4009,63.238490303206206
4010,34.420515408406416
4011,64.21843060210705
4012,29.409790915341688
4013,35.598395412147404
4014,27.814533084063655
4015,37.60343127135685
4016,41.598740767314474
4017,38.34728524582086
4018,27.53768987255576
4019,69.08766949387015
4020,32.41534828705504
4021,60.24917356560073
4022,29.329870562677108
4023,31.493699100775885
4024,43.44965634380278
4025,32.54735355218809
4026,60.681457062037026
4027,71.79083323381283
4028,31.11520779946204
4029,62.642294274047245
4030,32.1463995454968
4031,33.99335586935885
4032,37.18816459946703
4033,38.48898414080726
4034,33.469224229758574
4035,44.189203973894244
4036,38.337904427616145
4037,30.699065826992666
4038,67.54115500868984
4039,68.97313606322317
4040,50.477619495144125
4041,68.18335635330698
4042,51.04852181978962
4043,70.9924797494843
4044,56.94043699586918
4045,69.04195575329605
4046,75.41569541912128
4047,40.67200043763368
4048,70.32329246077802
4049,66.82799005634077
4050,61.88433583012137
4051,34.755443507039146
4052,57.10909089998549
4053,31.966709412454478
4054,71.90328604906895
4055,51.59562399229341
4056,33.57689142119877
4057,39.72471666677513
4058,25.433181771170332
4059,69.1368080938418
4060,66.01134445626673
4061,45.65420853502842
4062,71.64808223020984
4063,68.59029340902664
4064,27.888571732313927
4065,46.58067412556896
4066,72.53494849356295
4067,30.84944565693202
4068,31.256515811961528
4069,28.943700675720997
4070,28.68983017206955
4071,36.53009309166709
4072,26.069741862585538
4073,37.38774037904099
4074,37.29218483753467
4075,56.99122727797594
4076,29.170958722739833
4077,32.00214495003686
4078,55.009409215605544
4079,35.23756182701297
4080,30.186286018077325
4081,31.592638066376544
4082,73.5150561612947
4083,49.183073373990396
4084,30.232745018967506
4085,68.06876592482699
4086,65.2257826425494
4087,29.897681218819933
4088,56.897780929747384
4089,62.71120872232686
4090,28.797701369451296
4091,73.26317212316029
4092,33.171782544199225
4093,30.377754145040775
4094,59.46643425535208
4095,34.09171402412124
4096,42.01075331788294
4097,36.5593659648752
4098,68.62248457287623
4099,68.10354711736639
4100,70.2933626645827
4101,70.70845803513392
4102,57.76894303354631
4103,28.276536806755253
4104,65.86367695028142
4105,60.97486510696227
4106,69.92447195537314
4107,64.8049725896119
4108,30.475133611842246
4109,66.83091615954936
4110,40.7761844266872
4111,35.887967679801676
4112,58.05614891569425
4113,37.145473656789896
4114,72.62616898848312
4115,36.85326617564351
4116,46.4997476382968
4117,45.66754133198094
4118,31.012133722042336
4119,33.40976485753059
4120,72.53520025741338
4121,25.1264554044186
4122,42.3647878050752
4123,54.47719462408331
4124,66.44124738205481
4125,35.45594804930952
4126,52.35060443797998
4127,53.66852254834275
4128,32.172334420543955
4129,31.830151668289083
4130,71.13296214048871
4131,67.64274297178325
4132,48.3561634222243
4133,54.10368079108366
4134,60.608051690527105
4135,27.17223370590778
4136,51.91221051379636
4137,71.27840968234294
4138,27.32302638958368
4139,79.24151969325459
4140,36.441324740728426
4141,70.6027358666309
4142,29.73026647471412
4143,59.82559382216729
4144,28.34307801711425
4145,52.11430063971756
4146,50.03892998883085
4147,37.101055266035246
4148,58.77398118212002
4149,65.68774328977194
4150,45.1487258453311
4151,32.487913773701635
4152,33.20403686908708
4153,33.653751600849546
4154,32.830000413387026
4155,59.60666646957834
4156,64.80833284086458
4157,71.8531628830615
4158,61.653276474967434
4159,70.28504991895637
4160,61.490016178196505
4161,39.138501169080705
4162,45.423111012475594
4163,65.64122093914293
4164,74.48226607634098
4165,26.22725358623977
4166,27.0982616489908
4167,64.03921607817315
4168,34.17922420763643
4169,50.52249682353613
4170,35.19683260836053
4171,31.132233122916595
4172,31.376793273735835
4173,44.65861582568206
4174,32.97328882969782
4175,66.5253621719909
4176,59.47949378680073
4177,63.67418124248279
4178,52.3519192659682
4179,68.5363450591412
4180,55.22506969753194
4181,56.54687444687963
4182,81.14875603673921
4183,60.73004122078228
4184,28.410681702135278
4185,19.545572712996574
4186,29.000886628964174
4187,50.96665351421194
4188,29.483985242813276
4189,62.86870613908559
4190,75.29914877763566
4191,32.8855284717352
4192,49.8304831761166
4193,54.33448374050657
4194,59.464548311038676
4195,72.1560157396691
4196,64.0437242055829
4197,57.14825608259726
4198,53.54615237837495
4199,64.1656387047346
4200,26.612381678408823
4201,82.38476794737613
4202,58.662139902271605
4203,75.58284456734343
4204,30.272591709182535
4205,31.795457291633703
4206,65.69734677138779
4207,33.65937111625291
4208,78.36389895951633
4209,44.14433954874798
4210,43.29847439154007
4211,57.51068033069133
4212,73.61618971471272
4213,44.02464262984149
4214,48.331367175984546
4215,60.11704955127035
4216,69.6436861247069
4217,30.01740013495222
4218,70.45799558573614
4219,30.75496916601775
4220,52.97478260586585
4221,29.63587532054025
4222,64.9122555992064
4223,73.05886517403802
4224,35.40611120220185
4225,30.430937135296006
4226,34.972329742699856
4227,31.3250933466774
4228,31.71571864019812
4229,66.11770867535805
4230,26.482799891673224
4231,35.61241180573251
4232,27.648633202855876
4233,63.53801411559215
4234,72.09932300976769
4235,54.59331512267133
4236,56.320476140446
4237,52.95489201726542
4238,67.61975183971597
4239,74.15503512998002
4240,61.614341210795544
4241,89.78895724546119
4242,84.7596995361523
4243,37.96494732656528
4244,40.10235418093129
4245,58.692472616770985
4246,40.6613887576425
4247,28.55089208857669
4248,32.52051126322658
4249,73.9131661690814
4250,47.449737754336915
4251,27.311973536787242
4252,30.31297995610845
4253,31.205793556781558
4254,59.2093023750883
4255,62.88178293560533
4256,26.550291510200644
4257,66.52436279325885
4258,59.359079732954626
4259,74.6184066055336
4260,75.85073090949525
4261,35.60502346103084
4262,28.26598357433702
4263,69.7639379659995
4264,60.15472019806646
4265,31.489212296805334
4266,33.15239425636215
4267,44.82738893026159
4268,54.6379658192687
4269,36.71305089552872
4270,73.75402229093493
4271,42.09412907812097
4272,71.14080174594717
4273,41.75195671960891
4274,53.547488903475006
4275,55.81208725195586
4276,70.20706109520219
4277,33.099678608382916
4278,59.65899540759182
4279,29.504434764449165
4280,69.021380179283
4281,72.4871096489854
4282,27.739584196519324
4283,30.819209840867963
4284,73.33014458915635
4285,30.569807359650596
4286,30.397724105075653
4287,33.558865614409335
4288,35.63015999108264
4289,30.620253979401262
4290,56.335264266858786
4291,34.50836522138399
4292,37.588690287165264
4293,64.5992651545437
4294,34.839947288096376
4295,53.34533668373034
4296,73.96007830984506
4297,38.50028405068288
4298,34.682989540202044
4299,28.579210922298408
4300,54.1667607911854
4301,56.85727123560727
4302,53.68036334820299
4303,28.426030931510404
4304,29.868131617531347
4305,63.12192770587244
4306,32.09143751921778
4307,67.13140667156333
4308,35.25143231232586
4309,73.5869414695002
4310,35.913220842489565
4311,29.052488322116474
4312,58.87606650170591
4313,38.6248781706835
4314,26.115775360075943
4315,63.34935642073836
4316,28.844591993793728
4317,47.8656920289767
4318,57.06503527286536
4319,43.65826193291927
4320,58.420584392677235
4321,61.582387515883894
4322,29.958716585287966
4323,63.096264435490596
4324,68.99942370986125
4325,29.565851843165085
4326,25.224389892020895
4327,36.79250677153472
4328,27.748014642045305
4329,69.414939815273
4330,58.7366601716644
4331,29.845033815665516
4332,40.88529902556003
4333,36.31036426706387
4334,28.373249719666646
4335,68.37853847925386
4336,33.62762328461504
4337,29.316544251430763
4338,27.188735897464625
4339,31.86837514983084
4340,63.272070836883266
4341,30.125113085658782
4342,30.028772585025052
4343,30.952217929810637
4344,53.75703538112079
4345,31.33456891401562
4346,68.83025598745408
4347,31.630331066285578
4348,59.39447660802821
4349,67.48706223269323
4350,34.57085037723575
4351,65.0355946433918
4352,42.81841672396495
4353,34.393794745920246
4354,37.590514083073224
4355,49.84242313494449
4356,70.23801219973441
4357,40.63149653451813
4358,33.34227224640237
4359,55.289878823772746
4360,52.42921391534114
4361,33.05663879139834
4362,27.84144502411411
4363,78.66894390569621
4364,26.21118427330132
4365,50.289673763788926
4366,36.63985121576999
4367,72.58346437077583
4368,47.71860775977902
4369,48.01194539783306
4370,48.22576343037387
4371,33.64233322505656
4372,29.386718611168696
4373,60.597815116578616
4374,31.87733204024572
4375,36.43057064174147
4376,40.617445255038575
4377,36.23016110201084
4378,66.55872044647211
4379,72.46788597235968
4380,30.08603879354294
4381,29.198759143245873
4382,35.828774695274305
4383,39.54688830120977
4384,35.03999586256865
4385,35.3530655795418
4386,52.43551632195802
4387,63.07232790570284
4388,28.80126770217295
4389,69.26383939306349
4390,45.84312175522119
4391,72.76695319348751
4392,36.00398459765344
4393,58.74760836263441
4394,65.95530972540928
4395,25.444522754349805
4396,30.97883169850072
4397,58.57925977812884
4398,66.23726058695325
4399,74.66240055416368
4400,33.719013763780445
4401,74.3830204909093
4402,33.12543559611731
4403,60.848557327141336
4404,34.992767423609486
4405,65.87269657475028
4406,32.541321331723765
4407,71.34643665407715
4408,33.64329965876182
4409,50.008166087723374
4410,63.91888041829472
4411,27.812386960790022
4412,48.84260078598946
4413,69.4339693315134
4414,61.23315129298659
4415,46.17403918749746
4416,70.12418776554557
4417,29.515545730521403
4418,54.238472051137244
4419,28.323955790862577
4420,50.30229783055715
4421,31.35638146357958
4422,72.35262715991678
4423,33.091425156182
4424,52.020444115739195
4425,52.61792931000201
4426,53.5572362732685
4427,25.078096360462652
4428,57.66320057878137
4429,44.24274970903453
4430,51.70745196348901
4431,27.36725686059114
4432,32.03194047016673
4433,56.45260758301877
4434,62.03991787105116
4435,29.202136518109235
4436,33.229884198542166
4437,52.10110135930755
4438,30.80874200730979
4439,39.16426127774191
4440,31.18056882051357
4441,31.632878266083402
4442,69.20710495051199
4443,62.56486482081047
4444,52.04978282761191
4445,23.439588151755387
4446,45.73289015738314
4447,77.67382512841888
4448,38.129385119050134
4449,29.29679903069455
4450,52.33788207145267
4451,51.0526650837823
4452,65.65398740369426
4453,58.25336201613304
4454,78.747632083775
4455,66.12143920762793
4456,58.50735286571072
4457,31.70792944303313
4458,54.32682785550526
4459,35.387065991107
4460,66.51327674638041
4461,75.99345579670381
4462,30.076856308666187
4463,73.12512241429262
4464,69.54454375665792
4465,41.94144913951268
4466,35.058586429972884
4467,30.153892464360688
4468,44.585392913546485
4469,75.70699523386877
4470,25.857537792944555
4471,55.293408096640945
4472,36.54762293276745
4473,26.18892991475986
4474,34.27394879713792
4475,64.4117422949868
4476,31.335121753638674
4477,37.01227300832257
4478,56.75717440854767
4479,32.670188722057425
4480,30.226381653433016
4481,38.945212449510215
4482,37.414739249887816
4483,66.40379380016456
4484,33.61971087902299
4485,31.35959287596669
4486,27.07292765220808
4487,72.12705929326054
4488,69.16334265667756
4489,34.13174597685891
4490,25.68224877190405
4491,37.40910795989504
4492,31.043884744641986
4493,47.67577093367154
4494,25.261013412830287
4495,50.18688818806419
4496,28.048644907904276
4497,39.799525475873885
4498,30.10162799800797
4499,47.52520621596299
4500,27.159404067523056
4501,30.160976757801997
4502,68.47825549015793
4503,59.169219121873496
4504,77.18254270163816
4505,28.343690846211828
4506,60.91433964472791
4507,38.81557780616504
4508,34.93128096859725
4509,75.18268179771239
4510,50.88912649775355
4511,56.246009434397635
4512,32.613226561966584
4513,52.88103768600002
4514,54.194410569479935
4515,49.61239449308527
4516,62.99528642378182
4517,51.93237610737029
4518,25.72168781435085
4519,27.16421558881553
4520,37.8005108107196
4521,41.10093445462715
4522,33.43999182228135
4523,35.774037288599544
4524,56.31874954879892
4525,25.809263806260113
4526,33.9822630055664
4527,25.978007333981758
4528,34.528753317297344
4529,68.84648227462681
4530,51.898946590445945
4531,63.96865047249062
4532,70.63810893657838
4533,30.186227096836106
4534,30.66894744785155
4535,27.47936138068281
4536,69.30063850651888
4537,66.14275730667907
4538,28.169980446338336
4539,27.82698486867529
4540,72.21673834416666
4541,62.315721129548194
4542,27.558317809584217
4543,25.812139958514116
4544,31.60284594754119
4545,73.28295494112288
4546,81.76304337720909
4547,59.960328432320175
4548,75.03736320393088
4549,75.5044525745925
4550,58.39631294461984
4551,51.618500111756525
4552,31.305346646681272
4553,30.323939008463505
4554,58.86631644369468
4555,33.021936906924644
4556,73.72329829528472
4557,50.99421964637787
4558,31.725012307239176
4559,53.493258225275085
4560,29.795329883958665
4561,29.83254681452059
4562,64.79213941056769
4563,36.43902965110569
4564,27.987477595900472
4565,55.27511508163947
4566,32.43092425581086
4567,61.06919021544924
4568,49.77041793240506
4569,61.01055668016112
4570,27.65350316107382
4571,49.07959344617735
4572,27.230992720369443
4573,74.04741745058487
4574,26.817952440132025
4575,29.071778671045756
4576,46.09383852418307
4577,57.61553073859569
4578,74.55864122240295
4579,31.255460607033996
4580,53.01918575540774
4581,59.38415311501548
4582,57.41759377273597
4583,76.38771047724958
4584,35.59092433707739
4585,61.79316422432737
4586,23.77672914707336
4587,34.24849904275956
4588,57.62848590852572
4589,61.6614030138879
4590,61.74648260076043
4591,34.234801480138344
4592,62.395356625728695
4593,70.19888997314186
4594,28.5238425649151
4595,27.85695479408936
4596,38.68146372425363
4597,27.36720161607228
4598,32.78080233467027
4599,28.53912676596066
4600,66.02135863161682
4601,30.47767338503369
4602,34.87774833934283
4603,43.428265381131
4604,60.020374949811526
4605,73.18375407235145
4606,41.258465986693786
4607,33.935682973911874
4608,45.76171586378271
4609,61.86782478124342
4610,37.83498063792152
4611,24.950330188175506
4612,35.78151515637725
4613,34.310938799882884
4614,33.708261915873976
4615,33.00250840817564
4616,70.27226014517049
4617,29.338173783661823
4618,87.62852855881904
4619,41.28307519111677
4620,37.69702681754607
4621,32.57650002535858
4622,58.350402620843155
4623,28.245777847611706
4624,36.27299510023711
4625,72.91324248895482
4626,74.53235943096446
4627,77.17808649476824
4628,72.34038724615861
4629,34.436051069981644
4630,75.04630511637659
4631,73.02792502064302
4632,40.62531110923347
4633,29.791028667041104
4634,68.92354640509276
4635,59.11552898209807
4636,31.842297811437554
4637,35.284684762205906
4638,67.55040425900529
4639,68.06281932235501
4640,32.19467091833747
4641,69.87208717410233
4642,32.67462439056868
4643,75.48570266070989
4644,34.553047894315405
4645,29.953648962475135
4646,75.33895436527858
4647,73.37532678179123
4648,34.529516942110405
4649,32.709605829685344
4650,50.6671012415229
4651,40.63592797174778
4652,43.18323008646433
4653,72.96435930999795
4654,76.14321194379212
4655,36.43000530089742
4656,33.87011366829804
4657,27.929518244103143
4658,28.214578363138088
4659,62.24487509451069
4660,29.824446348235384
4661,32.3386891612488
4662,66.10581838012608
4663,59.65334720996168
4664,71.08187052613611
4665,27.360089341278865
4666,76.18613639865144
4667,27.306813808516985
4668,23.990182640447735
4669,35.10134871566488
4670,40.12050517591303
4671,70.64103199288358
4672,51.24347793829442
4673,33.67243513302717
4674,68.44896951076593
4675,52.53847139670631
4676,33.721719107490856
4677,69.32811460688563
4678,31.818676040953854
4679,60.36780690834591
4680,69.66501760921241
4681,33.11742353604739
4682,72.54307790310912
4683,42.23391537455819
4684,58.34377163802532
4685,33.10068782682464
4686,65.68390021814845
4687,69.19640860006555
4688,34.570886951283306
4689,61.86167336058061
4690,28.603417926331424
4691,61.438175643034526
4692,53.34597683582066
4693,29.65491284540758
4694,66.52445810609376
4695,65.23147652403297
4696,58.440007977241734
4697,26.954256215270156
4698,35.88236752225116
4699,71.76904877021305
4700,67.32536863344541
4701,33.561338435398135
4702,43.34065697171038
4703,31.939334669375796
4704,29.329741405007773
4705,38.482690594860216
4706,30.112621718779806
4707,62.690488942151276
4708,28.65238159938513
4709,34.618951883053754
4710,26.481676358677547
4711,33.30044036672335
4712,62.38338944980904
4713,36.17668860704269
4714,36.60709214407943
4715,75.96202758107037
4716,36.31398815219011
4717,62.68152277617288
4718,33.70466200318838
4719,26.365695248855985
4720,68.78229509913542
4721,27.63583520434082
4722,51.51785175939885
4723,30.81515822603565
4724,38.298012482862596
4725,29.74574938280103
4726,29.971444158049202
4727,62.756794824382894
4728,66.4937906317467
4729,71.51497128227088
4730,69.98298107662075
4731,63.13614459805892
4732,36.99234170212016
4733,36.21067116383126
4734,44.91617172626566
4735,29.534913854967023
4736,32.24679228951504
4737,66.11344021645424
4738,27.831367435009412
4739,78.10189660731037
4740,74.36075535225513
4741,29.359948179126228
4742,34.53309390593088
4743,68.65797377172463
4744,58.208781171501045
4745,60.6189885846901
4746,46.53485004583507
4747,66.51289481047326
4748,53.2494785881247
4749,74.41707910783616
4750,31.819676486135577
4751,35.42032385107932
4752,33.93973103833423
4753,73.40211345689059
4754,82.21989303968978
4755,34.037534584642685
4756,60.656988505032004
4757,40.877858472326864
4758,74.38171411539139
4759,28.081419867167007
4760,57.810768593825514
4761,61.544638590895595
4762,29.257297273193394
4763,67.86266881233932
4764,35.9216708649691
4765,26.564450834067863
4766,29.729356737492978
4767,35.11800372574868
4768,33.69193807641039
4769,30.414426716285377
4770,32.15349693820524
4771,28.437727517500434
4772,37.55989923643866
4773,68.50729003450667
4774,36.49451500413959
4775,57.32407206494358
4776,63.0000054044708
4777,33.21378824587036
4778,26.7516004897831
4779,62.1948063823271
4780,52.61041875357646
4781,62.263179653183926
4782,30.37048734446887
4783,50.00411447041356
4784,36.63686508485838
4785,33.82238557945042
4786,30.323540297070423
4787,73.39605377221142
4788,70.9214286295256
4789,77.22648747705405
4790,31.15770387962499
4791,65.85803549141126
4792,61.80251421244649
4793,30.688966568603334
4794,29.74162951651605
4795,33.88486289831474
4796,39.41393231058853
4797,28.167600479212382
4798,38.395958644898535
4799,54.555127579228284
4800,64.43546993509966
4801,30.546176860650952
4802,26.0629927732981
4803,26.10992747877087
4804,34.60221222885936
4805,30.29106123894605
4806,26.608376093920434
4807,69.60589772425006
4808,35.83243541155905
4809,79.79897472168133
4810,59.15564589914894
4811,65.73331942701319
4812,27.154102932463438
4813,30.03543429067235
4814,67.13449211044515
4815,53.12557270233791
4816,55.23074541162434
4817,58.034143831671074
4818,32.32894015740531
4819,90.21413942447016
4820,46.56858138094318
4821,30.94421011888828
4822,41.51297370322764
4823,43.74258771293693
4824,35.11011627818135
4825,25.922019941305265
4826,52.64684732547458
4827,30.487431820183893
4828,62.686144118227396
4829,30.802520561182945
4830,67.31868514147087
4831,59.966670860938464
4832,76.57141590189111
4833,30.32292854011532
4834,24.924893316179705
4835,27.61408317651685
4836,28.588919056591592
4837,27.204497018964553
4838,62.11636907853472
4839,76.46551259661176
4840,50.59988577613923
4841,64.64379664139511
4842,32.930241467095804
4843,32.28387487786646
4844,37.558635096960614
4845,25.693789206977662
4846,51.55053704916916
4847,75.23566875691193
4848,68.42514994169373
4849,27.496954169035213
4850,26.467256895665706
4851,35.35613283599218
4852,59.071578889151596
4853,30.14127176086523
4854,35.997193768464115
4855,47.31002366398564
4856,67.2812018661309
4857,45.256961811633225
4858,40.026709326810746
4859,31.82915050230116
4860,32.56837839830118
4861,36.63621940382406
4862,31.63250696267326
4863,33.14431775094863
4864,66.08102169345324
4865,36.81058347696189
4866,70.03634293528575
4867,32.06084280843421
4868,30.448066407203044
4869,41.35048371167159
4870,33.42809011589464
4871,71.91947924543966
4872,62.41604103645767
4873,37.16395378636175
4874,27.960103017997284
4875,44.82959829873605
4876,61.54762725975974
4877,35.64003509671294
4878,77.85575267468236
4879,72.93998943851966
4880,36.13659416996852
4881,48.33601458331682
4882,36.86798892627462
4883,31.181709137225134
4884,31.723992518013915
4885,57.85178729632335
4886,73.47321351916102
4887,40.060850527195996
4888,43.62332444558322
4889,23.782034389941984
4890,55.27611706140141
4891,39.02526376634397
4892,26.125234215056764
4893,65.43956236397977
4894,36.87450532637057
4895,32.42106193514457
4896,37.950319176390735
4897,71.91435248134715
4898,39.122992532368634
4899,67.55959905548549
4900,50.025147947771
4901,75.70896054480308
4902,62.35497394719058
4903,68.47902631904282
4904,54.80056405644506
4905,66.58071735237802
4906,61.56144732378333
4907,34.233611885491484
4908,28.039970360947507
4909,71.9778288077126
4910,38.276787147231786
4911,28.13877494192399
4912,27.464562119713122
4913,74.46788882619131
4914,26.49739688503829
4915,35.1824624181285
4916,41.30730417737477
4917,50.8003957773479
4918,30.890704470028766
4919,71.35780620834147
4920,27.06521862926384
4921,30.04236075493835
4922,30.033832089515137
4923,59.54374439591942
4924,30.993327216912498
4925,42.446246940650006
4926,71.42902295481977
4927,33.06749249591266
4928,69.2866786330033
4929,75.37555068281583
4930,30.166837854455558
4931,48.19743578232811
4932,51.80266611833463
4933,58.19837642489479
4934,31.683137660366064
4935,32.881696028219224
4936,65.66616950228186
4937,28.260703532473414
4938,76.66185176511229
4939,35.67268938789101
4940,56.967058620315335
4941,63.628033117323234
4942,53.14168994079234
4943,62.21242008751851
4944,24.979242979747603
4945,73.06121261701779
4946,30.589288245812327
4947,34.54282669938171
4948,26.380365136602556
4949,31.59118015934289
4950,36.50137364773742
4951,21.35260872546084
4952,40.12991134581814
4953,59.190873927681544
4954,57.37140914059591
4955,63.952502655677236
4956,34.02465697720226
4957,31.596675846475577
4958,57.739507010625836
4959,38.857710444456295
4960,33.83475779173213
4961,33.59840713720353
4962,69.64203812205372
4963,52.55727631687145
4964,36.44992650018338
4965,68.09090785700144
4966,33.0741537744062
4967,51.08104301963351
4968,77.50254722382952
4969,72.57418120806966
4970,70.80391180948618
4971,64.01533224039774
4972,35.1213308463146
4973,29.148826506202873
4974,64.04040810476604
4975,29.50923728105994
4976,31.980487532091892
4977,26.59292356524149
4978,42.618414615013506
4979,51.6664268572759
4980,75.3366262252519
4981,28.773514742731074
4982,30.716331221692997
4983,38.74104583197098
4984,52.159042753004385
4985,59.77702913155562
4986,74.39525791658167
4987,26.026202141866733
4988,55.50411091602714
4989,35.8662668355993
4990,70.28825421431372
4991,66.0223747320183
4992,32.62213829258186
4993,26.567747572331264
4994,51.73824563075233
4995,33.782863318987694
4996,60.31565283651517
4997,63.40096072981254
4998,52.79663444375524
4999,81.56804356471599
